date_time,maxtempC,mintempC,totalSnow_cm,sunHour,uvIndex,uvIndex,moon_illumination,moonrise,moonset,sunrise,sunset,DewPointC,FeelsLikeC,HeatIndexC,WindChillC,WindGustKmph,cloudcover,humidity,precipMM,pressure,tempC,visibility,winddirDegree,windspeedKmph
2018-12-11 00:00:00,15,7,0.0,8.7,4,0,21,10:14 AM,08:44 PM,06:50 AM,04:40 PM,0,7,9,7,20,10,53,0.0,1020,9,10,18,10
2018-12-11 03:00:00,15,7,0.0,8.7,4,0,21,10:14 AM,08:44 PM,06:50 AM,04:40 PM,1,5,7,5,19,25,64,0.0,1020,7,10,28,9
2018-12-11 06:00:00,15,7,0.0,8.7,4,0,21,10:14 AM,08:44 PM,06:50 AM,04:40 PM,0,5,7,5,21,14,62,0.0,1020,7,10,21,10
2018-12-11 09:00:00,15,7,0.0,8.7,4,4,21,10:14 AM,08:44 PM,06:50 AM,04:40 PM,-1,10,11,10,17,5,41,0.0,1020,11,10,47,14
2018-12-11 12:00:00,15,7,0.0,8.7,4,4,21,10:14 AM,08:44 PM,06:50 AM,04:40 PM,-6,13,15,13,19,6,23,0.0,1019,15,10,55,17
2018-12-11 15:00:00,15,7,0.0,8.7,4,4,21,10:14 AM,08:44 PM,06:50 AM,04:40 PM,-3,13,13,13,11,2,32,0.0,1018,13,10,160,6
2018-12-11 18:00:00,15,7,0.0,8.7,4,0,21,10:14 AM,08:44 PM,06:50 AM,04:40 PM,-2,10,11,10,14,0,41,0.0,1020,11,10,261,6
2018-12-11 21:00:00,15,7,0.0,8.7,4,0,21,10:14 AM,08:44 PM,06:50 AM,04:40 PM,3,8,9,8,14,0,68,0.0,1020,9,10,266,7
2018-12-12 00:00:00,14,6,0.0,8.7,3,0,29,10:52 AM,09:39 PM,06:51 AM,04:40 PM,3,6,8,6,24,14,70,0.0,1020,8,10,277,12
2018-12-12 03:00:00,14,6,0.0,8.7,3,0,29,10:52 AM,09:39 PM,06:51 AM,04:40 PM,-1,4,7,4,36,5,57,0.0,1019,7,10,284,17
2018-12-12 06:00:00,14,6,0.0,8.7,3,0,29,10:52 AM,09:39 PM,06:51 AM,04:40 PM,-2,3,6,3,34,11,57,0.0,1020,6,10,279,17
2018-12-12 09:00:00,14,6,0.0,8.7,3,4,29,10:52 AM,09:39 PM,06:51 AM,04:40 PM,0,9,10,9,12,31,50,0.0,1021,10,10,342,10
2018-12-12 12:00:00,14,6,0.0,8.7,3,4,29,10:52 AM,09:39 PM,06:51 AM,04:40 PM,-1,14,14,14,11,1,35,0.0,1021,14,10,75,9
2018-12-12 15:00:00,14,6,0.0,8.7,3,4,29,10:52 AM,09:39 PM,06:51 AM,04:40 PM,0,12,12,12,12,0,43,0.0,1021,12,10,180,9
2018-12-12 18:00:00,14,6,0.0,8.7,3,0,29,10:52 AM,09:39 PM,06:51 AM,04:40 PM,1,9,9,9,10,0,58,0.0,1023,9,10,217,5
2018-12-12 21:00:00,14,6,0.0,8.7,3,0,29,10:52 AM,09:39 PM,06:51 AM,04:40 PM,2,7,9,7,23,4,63,0.0,1025,9,10,285,11
2018-12-13 00:00:00,13,6,0.0,8.7,3,0,36,11:27 AM,10:34 PM,06:52 AM,04:41 PM,0,7,7,7,11,5,61,0.0,1025,7,10,293,5
2018-12-13 03:00:00,13,6,0.0,8.7,3,0,36,11:27 AM,10:34 PM,06:52 AM,04:41 PM,-1,6,6,6,5,4,58,0.0,1026,6,10,49,3
2018-12-13 06:00:00,13,6,0.0,8.7,3,0,36,11:27 AM,10:34 PM,06:52 AM,04:41 PM,-1,5,6,5,18,3,59,0.0,1027,6,10,36,9
2018-12-13 09:00:00,13,6,0.0,8.7,3,4,36,11:27 AM,10:34 PM,06:52 AM,04:41 PM,-3,9,11,9,14,5,38,0.0,1027,11,10,68,12
2018-12-13 12:00:00,13,6,0.0,8.7,3,4,36,11:27 AM,10:34 PM,06:52 AM,04:41 PM,-8,12,13,12,16,4,22,0.0,1025,13,10,61,14
2018-12-13 15:00:00,13,6,0.0,8.7,3,4,36,11:27 AM,10:34 PM,06:52 AM,04:41 PM,-8,11,13,11,21,2,23,0.0,1024,13,10,87,14
2018-12-13 18:00:00,13,6,0.0,8.7,3,0,36,11:27 AM,10:34 PM,06:52 AM,04:41 PM,-9,8,10,8,23,2,26,0.0,1025,10,10,17,12
2018-12-13 21:00:00,13,6,0.0,8.7,3,0,36,11:27 AM,10:34 PM,06:52 AM,04:41 PM,-9,7,9,7,28,3,27,0.0,1025,9,10,48,14
2018-12-14 00:00:00,12,8,0.0,3.7,3,0,43,11:58 AM,11:30 PM,06:52 AM,04:41 PM,-10,6,8,6,23,5,26,0.0,1024,8,10,7,11
2018-12-14 03:00:00,12,8,0.0,3.7,3,0,43,11:58 AM,11:30 PM,06:52 AM,04:41 PM,-12,6,8,6,26,15,22,0.0,1024,8,10,48,12
2018-12-14 06:00:00,12,8,0.0,3.7,3,0,43,11:58 AM,11:30 PM,06:52 AM,04:41 PM,-12,6,8,6,23,36,22,0.0,1024,8,10,10,11
2018-12-14 09:00:00,12,8,0.0,3.7,3,3,43,11:58 AM,11:30 PM,06:52 AM,04:41 PM,-11,9,11,9,18,66,20,0.0,1024,11,10,68,14
2018-12-14 12:00:00,12,8,0.0,3.7,3,3,43,11:58 AM,11:30 PM,06:52 AM,04:41 PM,-12,11,12,11,12,88,18,0.0,1021,12,10,52,10
2018-12-14 15:00:00,12,8,0.0,3.7,3,3,43,11:58 AM,11:30 PM,06:52 AM,04:41 PM,-9,11,11,11,6,89,23,0.0,1021,11,10,86,4
2018-12-14 18:00:00,12,8,0.0,3.7,3,0,43,11:58 AM,11:30 PM,06:52 AM,04:41 PM,-9,9,9,9,4,50,27,0.0,1021,9,10,27,2
2018-12-14 21:00:00,12,8,0.0,3.7,3,0,43,11:58 AM,11:30 PM,06:52 AM,04:41 PM,-9,8,8,8,5,9,28,0.0,1021,8,10,75,3
2018-12-15 00:00:00,14,6,0.0,8.7,3,0,51,12:28 PM,No moonset,06:53 AM,04:41 PM,-9,7,7,7,8,1,31,0.0,1021,7,10,0,4
2018-12-15 03:00:00,14,6,0.0,8.7,3,0,51,12:28 PM,No moonset,06:53 AM,04:41 PM,-10,5,6,5,14,0,29,0.0,1020,6,10,87,6
2018-12-15 06:00:00,14,6,0.0,8.7,3,0,51,12:28 PM,No moonset,06:53 AM,04:41 PM,-10,5,6,5,14,0,31,0.0,1020,6,10,14,7
2018-12-15 09:00:00,14,6,0.0,8.7,3,4,51,12:28 PM,No moonset,06:53 AM,04:41 PM,-10,11,12,11,11,2,21,0.0,1020,12,10,62,9
2018-12-15 12:00:00,14,6,0.0,8.7,3,4,51,12:28 PM,No moonset,06:53 AM,04:41 PM,-9,13,14,13,12,0,19,0.0,1019,14,10,54,11
2018-12-15 15:00:00,14,6,0.0,8.7,3,4,51,12:28 PM,No moonset,06:53 AM,04:41 PM,-7,14,13,14,10,3,23,0.0,1019,13,10,96,5
2018-12-15 18:00:00,14,6,0.0,8.7,3,0,51,12:28 PM,No moonset,06:53 AM,04:41 PM,-7,10,10,10,4,2,30,0.0,1020,10,10,59,2
2018-12-15 21:00:00,14,6,0.0,8.7,3,0,51,12:28 PM,No moonset,06:53 AM,04:41 PM,-8,9,9,9,9,2,29,0.0,1021,9,10,53,4
2018-12-16 00:00:00,15,7,0.0,8.7,4,0,58,12:58 PM,12:25 AM,06:54 AM,04:42 PM,-9,8,9,8,17,1,27,0.0,1021,9,10,6,8
2018-12-16 03:00:00,15,7,0.0,8.7,4,0,58,12:58 PM,12:25 AM,06:54 AM,04:42 PM,-8,7,8,7,17,6,30,0.0,1021,8,10,15,8
2018-12-16 06:00:00,15,7,0.0,8.7,4,0,58,12:58 PM,12:25 AM,06:54 AM,04:42 PM,-8,6,7,6,11,11,33,0.0,1021,7,10,1,5
2018-12-16 09:00:00,15,7,0.0,8.7,4,4,58,12:58 PM,12:25 AM,06:54 AM,04:42 PM,-9,13,13,13,8,3,20,0.0,1021,13,10,105,6
2018-12-16 12:00:00,15,7,0.0,8.7,4,5,58,12:58 PM,12:25 AM,06:54 AM,04:42 PM,-9,15,15,15,6,4,18,0.0,1019,15,10,96,5
2018-12-16 15:00:00,15,7,0.0,8.7,4,4,58,12:58 PM,12:25 AM,06:54 AM,04:42 PM,-7,13,14,13,18,7,23,0.0,1019,14,10,112,10
2018-12-16 18:00:00,15,7,0.0,8.7,4,0,58,12:58 PM,12:25 AM,06:54 AM,04:42 PM,-7,11,11,11,9,7,28,0.0,1019,11,10,230,4
2018-12-16 21:00:00,15,7,0.0,8.7,4,0,58,12:58 PM,12:25 AM,06:54 AM,04:42 PM,-2,11,11,11,17,94,38,0.0,1020,11,10,233,8
2018-12-17 00:00:00,16,8,0.0,8.7,3,0,65,01:29 PM,01:23 AM,06:54 AM,04:42 PM,1,10,11,10,21,78,48,0.0,1020,11,10,249,11
2018-12-17 03:00:00,16,8,0.0,8.7,3,0,65,01:29 PM,01:23 AM,06:54 AM,04:42 PM,2,8,10,8,20,100,59,0.0,1019,10,10,247,11
2018-12-17 06:00:00,16,8,0.0,8.7,3,0,65,01:29 PM,01:23 AM,06:54 AM,04:42 PM,4,8,10,8,21,18,69,0.2,1020,9,9,252,12
2018-12-17 09:00:00,16,8,0.0,8.7,3,4,65,01:29 PM,01:23 AM,06:54 AM,04:42 PM,4,11,13,11,19,12,53,0.0,1021,13,10,263,16
2018-12-17 12:00:00,16,8,0.0,8.7,3,5,65,01:29 PM,01:23 AM,06:54 AM,04:42 PM,3,16,16,16,26,10,42,0.0,1019,16,10,260,23
2018-12-17 15:00:00,16,8,0.0,8.7,3,4,65,01:29 PM,01:23 AM,06:54 AM,04:42 PM,1,12,14,12,28,7,41,0.0,1019,14,10,278,19
2018-12-17 18:00:00,16,8,0.0,8.7,3,0,65,01:29 PM,01:23 AM,06:54 AM,04:42 PM,2,9,11,9,23,10,56,0.0,1021,10,10,283,14
2018-12-17 21:00:00,16,8,0.0,8.7,3,0,65,01:29 PM,01:23 AM,06:54 AM,04:42 PM,3,6,9,6,23,31,71,0.0,1023,8,10,289,14
2018-12-18 00:00:00,14,6,0.0,8.7,3,0,72,02:02 PM,02:23 AM,06:55 AM,04:42 PM,4,6,8,6,18,8,77,0.0,1023,8,10,284,10
2018-12-18 03:00:00,14,6,0.0,8.7,3,0,72,02:02 PM,02:23 AM,06:55 AM,04:42 PM,4,6,6,6,8,3,84,0.0,1023,6,10,325,4
2018-12-18 06:00:00,14,6,0.0,8.7,3,0,72,02:02 PM,02:23 AM,06:55 AM,04:42 PM,3,5,6,5,16,3,82,0.0,1024,6,10,288,8
2018-12-18 09:00:00,14,6,0.0,8.7,3,3,72,02:02 PM,02:23 AM,06:55 AM,04:42 PM,4,10,10,10,5,20,67,0.0,1024,10,10,232,4
2018-12-18 12:00:00,14,6,0.0,8.7,3,4,72,02:02 PM,02:23 AM,06:55 AM,04:42 PM,3,15,14,15,4,17,46,0.0,1023,14,10,247,4
2018-12-18 15:00:00,14,6,0.0,8.7,3,4,72,02:02 PM,02:23 AM,06:55 AM,04:42 PM,4,14,14,14,8,16,53,0.0,1022,14,10,213,6
2018-12-18 18:00:00,14,6,0.0,8.7,3,0,72,02:02 PM,02:23 AM,06:55 AM,04:42 PM,4,9,10,9,15,10,66,0.0,1023,10,10,307,8
2018-12-18 21:00:00,14,6,0.0,8.7,3,0,72,02:02 PM,02:23 AM,06:55 AM,04:42 PM,3,8,8,8,9,3,72,0.0,1024,8,10,291,4
2018-12-19 00:00:00,15,6,0.0,8.7,4,0,80,02:39 PM,03:25 AM,06:55 AM,04:43 PM,2,7,8,7,15,14,66,0.0,1024,8,10,273,7
2018-12-19 03:00:00,15,6,0.0,8.7,4,0,80,02:39 PM,03:25 AM,06:55 AM,04:43 PM,1,6,6,6,7,13,68,0.0,1024,6,10,324,3
2018-12-19 06:00:00,15,6,0.0,8.7,4,0,80,02:39 PM,03:25 AM,06:55 AM,04:43 PM,1,6,6,6,10,16,68,0.0,1024,6,10,38,5
2018-12-19 09:00:00,15,6,0.0,8.7,4,4,80,02:39 PM,03:25 AM,06:55 AM,04:43 PM,1,11,12,11,8,32,47,0.0,1025,12,10,70,6
2018-12-19 12:00:00,15,6,0.0,8.7,4,5,80,02:39 PM,03:25 AM,06:55 AM,04:43 PM,0,15,15,15,10,33,34,0.0,1023,15,10,81,9
2018-12-19 15:00:00,15,6,0.0,8.7,4,4,80,02:39 PM,03:25 AM,06:55 AM,04:43 PM,1,14,15,14,13,33,40,0.0,1022,15,10,96,8
2018-12-19 18:00:00,15,6,0.0,8.7,4,0,80,02:39 PM,03:25 AM,06:55 AM,04:43 PM,1,11,11,11,11,2,47,0.0,1023,11,10,4,5
2018-12-19 21:00:00,15,6,0.0,8.7,4,0,80,02:39 PM,03:25 AM,06:55 AM,04:43 PM,-1,10,10,10,11,0,46,0.0,1022,10,10,50,5
2018-12-20 00:00:00,18,7,0.0,8.7,4,0,87,03:21 PM,04:30 AM,06:56 AM,04:43 PM,-3,9,10,9,15,0,42,0.0,1022,9,10,3,7
2018-12-20 03:00:00,18,7,0.0,8.7,4,0,87,03:21 PM,04:30 AM,06:56 AM,04:43 PM,-4,8,8,8,11,2,43,0.0,1021,8,10,30,5
2018-12-20 06:00:00,18,7,0.0,8.7,4,0,87,03:21 PM,04:30 AM,06:56 AM,04:43 PM,-4,7,7,7,7,16,44,0.0,1021,7,10,29,3
2018-12-20 09:00:00,18,7,0.0,8.7,4,4,87,03:21 PM,04:30 AM,06:56 AM,04:43 PM,-7,15,15,15,7,4,22,0.0,1022,15,10,87,5
2018-12-20 12:00:00,18,7,0.0,8.7,4,5,87,03:21 PM,04:30 AM,06:56 AM,04:43 PM,-7,18,18,18,8,6,18,0.0,1019,18,10,112,6
2018-12-20 15:00:00,18,7,0.0,8.7,4,5,87,03:21 PM,04:30 AM,06:56 AM,04:43 PM,-5,16,16,16,19,20,23,0.0,1018,16,10,92,10
2018-12-20 18:00:00,18,7,0.0,8.7,4,0,87,03:21 PM,04:30 AM,06:56 AM,04:43 PM,-4,12,12,12,6,32,32,0.0,1019,12,10,243,3
2018-12-20 21:00:00,18,7,0.0,8.7,4,0,87,03:21 PM,04:30 AM,06:56 AM,04:43 PM,-5,11,12,11,14,100,30,0.0,1018,11,10,271,6
2018-12-21 00:00:00,19,7,0.0,8.7,4,0,94,04:09 PM,05:38 AM,06:56 AM,04:44 PM,-7,11,12,11,21,6,26,0.0,1017,12,10,276,10
2018-12-21 03:00:00,19,7,0.0,8.7,4,0,94,04:09 PM,05:38 AM,06:56 AM,04:44 PM,-7,10,12,10,24,30,25,0.0,1016,12,10,270,12
2018-12-21 06:00:00,19,7,0.0,8.7,4,0,94,04:09 PM,05:38 AM,06:56 AM,04:44 PM,-1,5,7,5,26,25,60,0.0,1015,7,10,269,12
2018-12-21 09:00:00,19,7,0.0,8.7,4,5,94,04:09 PM,05:38 AM,06:56 AM,04:44 PM,-5,15,15,15,14,5,24,0.0,1017,15,10,247,11
2018-12-21 12:00:00,19,7,0.0,8.7,4,5,94,04:09 PM,05:38 AM,06:56 AM,04:44 PM,-3,19,19,19,17,4,22,0.0,1015,19,10,259,15
2018-12-21 15:00:00,19,7,0.0,8.7,4,5,94,04:09 PM,05:38 AM,06:56 AM,04:44 PM,-1,17,17,17,21,0,31,0.0,1014,17,10,271,13
2018-12-21 18:00:00,19,7,0.0,8.7,4,0,94,04:09 PM,05:38 AM,06:56 AM,04:44 PM,1,11,12,11,32,6,44,0.0,1015,12,10,278,16
2018-12-21 21:00:00,19,7,0.0,8.7,4,0,94,04:09 PM,05:38 AM,06:56 AM,04:44 PM,3,9,11,9,26,100,60,0.0,1016,11,10,280,13
2018-12-22 00:00:00,15,7,0.0,8.7,4,0,100,05:05 PM,06:44 AM,06:57 AM,04:44 PM,3,8,9,8,22,5,64,0.0,1016,9,10,300,11
2018-12-22 03:00:00,15,7,0.0,8.7,4,0,100,05:05 PM,06:44 AM,06:57 AM,04:44 PM,2,7,8,7,9,8,66,0.0,1018,7,10,327,4
2018-12-22 06:00:00,15,7,0.0,8.7,4,0,100,05:05 PM,06:44 AM,06:57 AM,04:44 PM,1,7,8,7,9,9,62,0.0,1018,8,10,348,4
2018-12-22 09:00:00,15,7,0.0,8.7,4,4,100,05:05 PM,06:44 AM,06:57 AM,04:44 PM,0,12,12,12,8,3,44,0.0,1020,12,10,77,6
2018-12-22 12:00:00,15,7,0.0,8.7,4,5,100,05:05 PM,06:44 AM,06:57 AM,04:44 PM,-2,15,15,15,15,5,30,0.0,1019,15,10,50,13
2018-12-22 15:00:00,15,7,0.0,8.7,4,4,100,05:05 PM,06:44 AM,06:57 AM,04:44 PM,-2,14,15,14,15,6,31,0.0,1019,15,10,80,9
2018-12-22 18:00:00,15,7,0.0,8.7,4,0,100,05:05 PM,06:44 AM,06:57 AM,04:44 PM,-2,11,12,11,22,6,37,0.0,1020,12,10,22,11
2018-12-22 21:00:00,15,7,0.0,8.7,4,0,100,05:05 PM,06:44 AM,06:57 AM,04:44 PM,-5,10,11,10,20,15,31,0.0,1021,11,10,54,10
2018-12-23 00:00:00,16,7,0.0,8.7,4,0,100,06:08 PM,07:49 AM,06:57 AM,04:45 PM,-5,9,10,9,22,33,33,0.0,1021,10,10,17,10
2018-12-23 03:00:00,16,7,0.0,8.7,4,0,100,06:08 PM,07:49 AM,06:57 AM,04:45 PM,-5,8,9,8,8,80,38,0.0,1021,9,10,34,4
2018-12-23 06:00:00,16,7,0.0,8.7,4,0,100,06:08 PM,07:49 AM,06:57 AM,04:45 PM,-4,8,8,8,7,6,42,0.0,1022,7,10,299,3
2018-12-23 09:00:00,16,7,0.0,8.7,4,4,100,06:08 PM,07:49 AM,06:57 AM,04:45 PM,-1,13,13,13,7,16,37,0.0,1022,13,10,213,5
2018-12-23 12:00:00,16,7,0.0,8.7,4,5,100,06:08 PM,07:49 AM,06:57 AM,04:45 PM,-1,16,16,16,6,6,30,0.0,1020,16,10,246,5
2018-12-23 15:00:00,16,7,0.0,8.7,4,4,100,06:08 PM,07:49 AM,06:57 AM,04:45 PM,1,15,15,15,9,6,38,0.0,1019,15,10,235,6
2018-12-23 18:00:00,16,7,0.0,8.7,4,0,100,06:08 PM,07:49 AM,06:57 AM,04:45 PM,0,10,11,10,27,3,45,0.0,1021,11,10,286,14
2018-12-23 21:00:00,16,7,0.0,8.7,4,0,100,06:08 PM,07:49 AM,06:57 AM,04:45 PM,1,7,9,7,23,4,59,0.0,1021,9,10,290,13
2018-12-24 00:00:00,15,6,0.0,8.7,3,0,84,07:16 PM,08:48 AM,06:58 AM,04:45 PM,1,6,8,6,21,0,63,0.0,1020,8,10,292,11
2018-12-24 03:00:00,15,6,0.0,8.7,3,0,84,07:16 PM,08:48 AM,06:58 AM,04:45 PM,0,5,6,5,12,6,64,0.0,1020,6,10,296,6
2018-12-24 06:00:00,15,6,0.0,8.7,3,0,84,07:16 PM,08:48 AM,06:58 AM,04:45 PM,-1,4,6,4,17,2,61,0.0,1020,6,10,289,8
2018-12-24 09:00:00,15,6,0.0,8.7,3,4,84,07:16 PM,08:48 AM,06:58 AM,04:45 PM,0,11,11,11,5,7,48,0.0,1019,11,10,269,4
2018-12-24 12:00:00,15,6,0.0,8.7,3,4,84,07:16 PM,08:48 AM,06:58 AM,04:45 PM,0,15,15,15,7,2,38,0.0,1016,15,10,248,6
2018-12-24 15:00:00,15,6,0.0,8.7,3,4,84,07:16 PM,08:48 AM,06:58 AM,04:45 PM,2,14,15,14,19,3,41,0.0,1014,15,10,257,14
2018-12-24 18:00:00,15,6,0.0,8.7,3,0,84,07:16 PM,08:48 AM,06:58 AM,04:45 PM,-1,10,11,10,26,3,45,0.0,1014,10,10,260,19
2018-12-24 21:00:00,15,6,0.0,8.7,3,0,84,07:16 PM,08:48 AM,06:58 AM,04:45 PM,3,7,10,7,31,16,61,0.0,1011,10,10,259,18
2018-12-25 00:00:00,11,6,0.0,8.7,3,0,77,08:26 PM,09:40 AM,06:58 AM,04:46 PM,4,5,8,5,32,4,71,0.0,1010,8,10,258,20
2018-12-25 03:00:00,11,6,0.0,8.7,3,0,77,08:26 PM,09:40 AM,06:58 AM,04:46 PM,3,4,7,4,25,8,78,0.0,1009,7,10,239,15
2018-12-25 06:00:00,11,6,0.0,8.7,3,0,77,08:26 PM,09:40 AM,06:58 AM,04:46 PM,2,3,6,3,26,19,76,0.0,1010,6,10,275,15
2018-12-25 09:00:00,11,6,0.0,8.7,3,3,77,08:26 PM,09:40 AM,06:58 AM,04:46 PM,0,6,9,6,24,13,55,0.0,1010,9,10,308,21
2018-12-25 12:00:00,11,6,0.0,8.7,3,4,77,08:26 PM,09:40 AM,06:58 AM,04:46 PM,-1,8,11,8,26,5,45,0.0,1010,11,10,299,22
2018-12-25 15:00:00,11,6,0.0,8.7,3,3,77,08:26 PM,09:40 AM,06:58 AM,04:46 PM,1,4,8,4,47,3,61,0.0,1011,8,10,288,35
2018-12-25 18:00:00,11,6,0.0,8.7,3,0,77,08:26 PM,09:40 AM,06:58 AM,04:46 PM,1,3,7,3,27,4,67,0.0,1013,7,10,297,19
2018-12-25 21:00:00,11,6,0.0,8.7,3,0,77,08:26 PM,09:40 AM,06:58 AM,04:46 PM,2,3,6,3,28,3,75,0.0,1015,6,10,280,17
2018-12-26 00:00:00,11,3,0.0,7.0,3,0,69,09:36 PM,10:25 AM,06:59 AM,04:47 PM,1,2,5,2,23,8,77,0.0,1016,5,10,288,13
2018-12-26 03:00:00,11,3,0.0,7.0,3,0,69,09:36 PM,10:25 AM,06:59 AM,04:47 PM,-1,1,4,1,24,4,70,0.0,1017,4,10,295,12
2018-12-26 06:00:00,11,3,0.0,7.0,3,0,69,09:36 PM,10:25 AM,06:59 AM,04:47 PM,-2,1,3,1,17,3,69,0.0,1018,3,10,275,8
2018-12-26 09:00:00,11,3,0.0,7.0,3,3,69,09:36 PM,10:25 AM,06:59 AM,04:47 PM,-1,8,8,8,5,8,51,0.0,1018,8,10,253,4
2018-12-26 12:00:00,11,3,0.0,7.0,3,3,69,09:36 PM,10:25 AM,06:59 AM,04:47 PM,-4,11,11,11,5,100,35,0.0,1016,11,10,205,4
2018-12-26 15:00:00,11,3,0.0,7.0,3,4,69,09:36 PM,10:25 AM,06:59 AM,04:47 PM,-3,10,11,10,8,5,39,0.0,1017,11,10,237,5
2018-12-26 18:00:00,11,3,0.0,7.0,3,0,69,09:36 PM,10:25 AM,06:59 AM,04:47 PM,0,5,7,5,18,4,61,0.0,1017,7,10,271,10
2018-12-26 21:00:00,11,3,0.0,7.0,3,0,69,09:36 PM,10:25 AM,06:59 AM,04:47 PM,1,3,6,3,20,7,73,0.0,1017,6,10,272,12
2018-12-27 00:00:00,10,3,0.0,8.7,3,0,62,10:43 PM,11:05 AM,06:59 AM,04:47 PM,-1,1,5,1,24,7,67,0.0,1016,5,10,271,14
2018-12-27 03:00:00,10,3,0.0,8.7,3,0,62,10:43 PM,11:05 AM,06:59 AM,04:47 PM,-1,0,4,0,27,30,68,0.0,1015,4,10,290,16
2018-12-27 06:00:00,10,3,0.0,8.7,3,0,62,10:43 PM,11:05 AM,06:59 AM,04:47 PM,-1,0,3,0,22,11,74,0.0,1015,3,10,280,13
2018-12-27 09:00:00,10,3,0.0,8.7,3,3,62,10:43 PM,11:05 AM,06:59 AM,04:47 PM,-1,4,7,4,18,2,56,0.0,1016,7,10,294,16
2018-12-27 12:00:00,10,3,0.0,8.7,3,3,62,10:43 PM,11:05 AM,06:59 AM,04:47 PM,-4,10,10,10,5,8,37,0.0,1014,10,10,319,4
2018-12-27 15:00:00,10,3,0.0,8.7,3,3,62,10:43 PM,11:05 AM,06:59 AM,04:47 PM,-4,7,9,7,15,43,40,0.0,1015,9,10,310,12
2018-12-27 18:00:00,10,3,0.0,8.7,3,0,62,10:43 PM,11:05 AM,06:59 AM,04:47 PM,-4,3,6,3,22,7,48,0.0,1017,6,10,327,16
2018-12-27 21:00:00,10,3,0.0,8.7,3,0,62,10:43 PM,11:05 AM,06:59 AM,04:47 PM,-5,1,4,1,16,0,52,0.0,1018,4,10,297,10
2018-12-28 00:00:00,8,0,0.0,8.7,2,0,55,11:49 PM,11:41 AM,06:59 AM,04:48 PM,-6,1,2,1,9,0,56,0.0,1020,2,10,316,5
2018-12-28 03:00:00,8,0,0.0,8.7,2,0,55,11:49 PM,11:41 AM,06:59 AM,04:48 PM,-6,-2,1,-2,18,0,60,0.0,1021,1,10,313,10
2018-12-28 06:00:00,8,0,0.0,8.7,2,0,55,11:49 PM,11:41 AM,06:59 AM,04:48 PM,-10,-2,0,-2,12,0,49,0.0,1022,0,10,340,6
2018-12-28 09:00:00,8,0,0.0,8.7,2,3,55,11:49 PM,11:41 AM,06:59 AM,04:48 PM,-18,4,6,4,11,0,15,0.0,1022,6,10,12,9
2018-12-28 12:00:00,8,0,0.0,8.7,2,3,55,11:49 PM,11:41 AM,06:59 AM,04:48 PM,-20,6,9,6,19,0,11,0.0,1021,8,10,25,17
2018-12-28 15:00:00,8,0,0.0,8.7,2,3,55,11:49 PM,11:41 AM,06:59 AM,04:48 PM,-12,8,8,8,5,0,24,0.0,1021,8,10,26,3
2018-12-28 18:00:00,8,0,0.0,8.7,2,0,55,11:49 PM,11:41 AM,06:59 AM,04:48 PM,-9,4,5,4,6,17,37,0.0,1025,5,10,240,3
2018-12-28 21:00:00,8,0,0.0,8.7,2,0,55,11:49 PM,11:41 AM,06:59 AM,04:48 PM,-10,0,3,0,22,9,37,0.0,1026,3,10,194,12
2018-12-29 00:00:00,6,0,0.0,8.7,2,0,48,No moonrise,12:15 PM,07:00 AM,04:49 PM,-11,1,1,1,5,0,39,0.0,1027,1,10,283,2
2018-12-29 03:00:00,6,0,0.0,8.7,2,0,48,No moonrise,12:15 PM,07:00 AM,04:49 PM,-12,-1,1,-1,10,0,37,0.0,1028,1,10,161,5
2018-12-29 06:00:00,6,0,0.0,8.7,2,0,48,No moonrise,12:15 PM,07:00 AM,04:49 PM,-13,0,0,0,4,0,37,0.0,1029,0,10,67,2
2018-12-29 09:00:00,6,0,0.0,8.7,2,2,48,No moonrise,12:15 PM,07:00 AM,04:49 PM,-17,0,3,0,13,1,21,0.0,1029,3,10,174,11
2018-12-29 12:00:00,6,0,0.0,8.7,2,3,48,No moonrise,12:15 PM,07:00 AM,04:49 PM,-15,4,6,4,10,2,21,0.0,1026,6,10,120,8
2018-12-29 15:00:00,6,0,0.0,8.7,2,3,48,No moonrise,12:15 PM,07:00 AM,04:49 PM,-13,3,6,3,22,5,23,0.0,1026,6,10,188,16
2018-12-29 18:00:00,6,0,0.0,8.7,2,0,48,No moonrise,12:15 PM,07:00 AM,04:49 PM,-11,4,4,4,8,3,33,0.0,1026,4,10,134,4
2018-12-29 21:00:00,6,0,0.0,8.7,2,0,48,No moonrise,12:15 PM,07:00 AM,04:49 PM,-8,4,4,4,6,3,43,0.0,1025,3,10,212,3
2018-12-30 00:00:00,14,3,0.0,8.7,3,0,40,12:51 AM,12:48 PM,07:00 AM,04:49 PM,-8,3,3,3,2,2,45,0.0,1024,3,10,48,1
2018-12-30 03:00:00,14,3,0.0,8.7,3,0,40,12:51 AM,12:48 PM,07:00 AM,04:49 PM,-5,2,3,2,14,8,52,0.0,1023,3,10,239,6
2018-12-30 06:00:00,14,3,0.0,8.7,3,0,40,12:51 AM,12:48 PM,07:00 AM,04:49 PM,-4,1,3,1,14,0,59,0.0,1021,3,10,272,7
2018-12-30 09:00:00,14,3,0.0,8.7,3,3,40,12:51 AM,12:48 PM,07:00 AM,04:49 PM,-6,8,10,8,17,0,33,0.0,1018,10,10,277,13
2018-12-30 12:00:00,14,3,0.0,8.7,3,4,40,12:51 AM,12:48 PM,07:00 AM,04:49 PM,-6,14,14,14,14,18,24,0.0,1015,14,10,308,12
2018-12-30 15:00:00,14,3,0.0,8.7,3,4,40,12:51 AM,12:48 PM,07:00 AM,04:49 PM,-3,10,11,10,21,0,35,0.0,1013,11,10,270,14
2018-12-30 18:00:00,14,3,0.0,8.7,3,0,40,12:51 AM,12:48 PM,07:00 AM,04:49 PM,-5,3,7,3,39,0,44,0.0,1014,7,10,274,22
2018-12-30 21:00:00,14,3,0.0,8.7,3,0,40,12:51 AM,12:48 PM,07:00 AM,04:49 PM,-7,1,6,1,55,3,38,0.0,1012,6,10,273,32
2018-12-31 00:00:00,7,2,0.0,7.0,2,0,36,01:53 AM,01:22 PM,07:00 AM,04:50 PM,-6,0,5,0,52,0,45,0.0,1012,5,10,263,31
2018-12-31 03:00:00,7,2,0.0,7.0,2,0,36,01:53 AM,01:22 PM,07:00 AM,04:50 PM,-5,-1,4,-1,32,0,54,0.0,1012,4,10,272,18
2018-12-31 06:00:00,7,2,0.0,7.0,2,0,36,01:53 AM,01:22 PM,07:00 AM,04:50 PM,-5,0,2,0,17,4,61,0.0,1014,2,10,325,9
2018-12-31 09:00:00,7,2,0.0,7.0,2,2,36,01:53 AM,01:22 PM,07:00 AM,04:50 PM,-3,2,6,2,22,96,54,0.0,1015,6,10,70,19
2018-12-31 12:00:00,7,2,0.0,7.0,2,2,36,01:53 AM,01:22 PM,07:00 AM,04:50 PM,-8,3,6,3,22,15,36,0.2,1013,6,9,52,19
2018-12-31 15:00:00,7,2,0.0,7.0,2,3,36,01:53 AM,01:22 PM,07:00 AM,04:50 PM,-16,3,7,3,28,0,18,0.2,1014,7,10,45,21
2018-12-31 18:00:00,7,2,0.0,7.0,2,0,36,01:53 AM,01:22 PM,07:00 AM,04:50 PM,-13,3,6,3,34,4,26,0.0,1018,5,10,36,23
2018-12-31 21:00:00,7,2,0.0,7.0,2,0,36,01:53 AM,01:22 PM,07:00 AM,04:50 PM,-14,1,4,1,32,8,30,0.0,1020,2,10,20,19
2019-01-01 00:00:00,10,1,0.0,8.7,3,0,26,02:54 AM,01:57 PM,07:00 AM,04:51 PM,-15,-4,0,-4,30,1,31,0.0,1022,-1,10,23,15
2019-01-01 03:00:00,10,1,0.0,8.7,3,0,26,02:54 AM,01:57 PM,07:00 AM,04:51 PM,-16,-6,-1,-6,19,0,31,0.0,1023,-2,10,51,16
2019-01-01 06:00:00,10,1,0.0,8.7,3,0,26,02:54 AM,01:57 PM,07:00 AM,04:51 PM,-14,-4,0,-4,8,0,35,0.0,1026,-1,10,114,12
2019-01-01 09:00:00,10,1,0.0,8.7,3,2,26,02:54 AM,01:57 PM,07:00 AM,04:51 PM,-13,0,4,0,6,0,31,0.0,1026,3,10,143,14
2019-01-01 12:00:00,10,1,0.0,8.7,3,3,26,02:54 AM,01:57 PM,07:00 AM,04:51 PM,-15,6,8,6,13,0,18,0.0,1025,8,10,68,20
2019-01-01 15:00:00,10,1,0.0,8.7,3,3,26,02:54 AM,01:57 PM,07:00 AM,04:51 PM,-12,10,10,10,18,0,20,0.0,1025,10,10,49,12
2019-01-01 18:00:00,10,1,0.0,8.7,3,0,26,02:54 AM,01:57 PM,07:00 AM,04:51 PM,-14,8,9,8,14,2,23,0.0,1024,8,10,114,12
2019-01-01 21:00:00,10,1,0.0,8.7,3,0,26,02:54 AM,01:57 PM,07:00 AM,04:51 PM,-17,5,8,5,10,30,27,0.0,1024,5,10,238,11
2019-01-02 00:00:00,10,2,0.0,8.7,3,0,19,03:54 AM,02:35 PM,07:00 AM,04:52 PM,-18,-1,2,-1,8,53,29,0.0,1025,0,10,240,8
2019-01-02 03:00:00,10,2,0.0,8.7,3,0,19,03:54 AM,02:35 PM,07:00 AM,04:52 PM,-18,-6,-3,-6,3,3,33,0.0,1025,-4,10,294,6
2019-01-02 06:00:00,10,2,0.0,8.7,3,0,19,03:54 AM,02:35 PM,07:00 AM,04:52 PM,-16,-2,-2,-2,2,2,32,0.0,1026,-3,10,274,4
2019-01-02 09:00:00,10,2,0.0,8.7,3,2,19,03:54 AM,02:35 PM,07:00 AM,04:52 PM,-12,5,5,5,3,1,28,0.0,1027,4,10,149,8
2019-01-02 12:00:00,10,2,0.0,8.7,3,3,19,03:54 AM,02:35 PM,07:00 AM,04:52 PM,-13,10,10,10,5,0,21,0.0,1026,9,10,94,8
2019-01-02 15:00:00,10,2,0.0,8.7,3,3,19,03:54 AM,02:35 PM,07:00 AM,04:52 PM,-17,10,10,10,9,0,14,0.0,1027,10,10,110,7
2019-01-02 18:00:00,10,2,0.0,8.7,3,0,19,03:54 AM,02:35 PM,07:00 AM,04:52 PM,-15,8,9,8,10,0,20,0.0,1026,8,10,201,7
2019-01-02 21:00:00,10,2,0.0,8.7,3,0,19,03:54 AM,02:35 PM,07:00 AM,04:52 PM,-16,6,9,6,9,0,29,0.0,1026,6,10,277,5
2019-01-03 00:00:00,13,-2,0.0,8.7,3,0,11,04:52 AM,03:16 PM,07:01 AM,04:52 PM,-15,2,5,2,8,0,35,0.0,1026,2,10,325,3
2019-01-03 03:00:00,13,-2,0.0,8.7,3,0,11,04:52 AM,03:16 PM,07:01 AM,04:52 PM,-14,-2,-2,-2,7,0,40,0.0,1026,-3,10,241,2
2019-01-03 06:00:00,13,-2,0.0,8.7,3,0,11,04:52 AM,03:16 PM,07:01 AM,04:52 PM,-13,-2,-2,-2,6,4,43,0.0,1026,-3,10,28,2
2019-01-03 09:00:00,13,-2,0.0,8.7,3,2,11,04:52 AM,03:16 PM,07:01 AM,04:52 PM,-12,3,3,3,5,8,35,0.0,1026,2,10,26,6
2019-01-03 12:00:00,13,-2,0.0,8.7,3,4,11,04:52 AM,03:16 PM,07:01 AM,04:52 PM,-9,11,11,11,8,4,23,0.0,1023,11,10,63,13
2019-01-03 15:00:00,13,-2,0.0,8.7,3,4,11,04:52 AM,03:16 PM,07:01 AM,04:52 PM,-8,13,13,13,9,0,22,0.0,1020,13,10,100,11
2019-01-03 18:00:00,13,-2,0.0,8.7,3,0,11,04:52 AM,03:16 PM,07:01 AM,04:52 PM,-8,10,11,10,5,0,28,0.0,1020,10,10,154,8
2019-01-03 21:00:00,13,-2,0.0,8.7,3,0,11,04:52 AM,03:16 PM,07:01 AM,04:52 PM,-11,6,10,6,3,0,37,0.0,1022,6,10,238,3
2019-01-04 00:00:00,15,-1,0.0,8.7,3,0,4,05:48 AM,04:02 PM,07:01 AM,04:53 PM,-10,3,5,3,6,1,46,0.0,1021,2,10,335,3
2019-01-04 03:00:00,15,-1,0.0,8.7,3,0,4,05:48 AM,04:02 PM,07:01 AM,04:53 PM,-9,-3,-2,-3,8,3,54,0.0,1020,-3,10,251,3
2019-01-04 06:00:00,15,-1,0.0,8.7,3,0,4,05:48 AM,04:02 PM,07:01 AM,04:53 PM,-9,-4,-2,-4,6,5,56,0.0,1019,-3,10,45,3
2019-01-04 09:00:00,15,-1,0.0,8.7,3,2,4,05:48 AM,04:02 PM,07:01 AM,04:53 PM,-8,4,4,4,8,4,45,0.0,1020,3,10,43,5
2019-01-04 12:00:00,15,-1,0.0,8.7,3,4,4,05:48 AM,04:02 PM,07:01 AM,04:53 PM,-7,13,13,13,8,1,24,0.0,1018,13,10,56,10
2019-01-04 15:00:00,15,-1,0.0,8.7,3,4,4,05:48 AM,04:02 PM,07:01 AM,04:53 PM,-8,15,15,15,8,0,19,0.0,1016,14,10,88,9
2019-01-04 18:00:00,15,-1,0.0,8.7,3,0,4,05:48 AM,04:02 PM,07:01 AM,04:53 PM,-9,11,13,11,6,0,26,0.0,1015,11,10,80,9
2019-01-04 21:00:00,15,-1,0.0,8.7,3,0,4,05:48 AM,04:02 PM,07:01 AM,04:53 PM,-11,7,11,7,4,8,35,0.0,1016,7,10,54,4
2019-01-05 00:00:00,11,1,0.0,3.6,2,0,0,06:40 AM,04:50 PM,07:01 AM,04:54 PM,-10,4,7,4,3,45,39,0.0,1016,4,10,77,3
2019-01-05 03:00:00,11,1,0.0,3.6,2,0,0,06:40 AM,04:50 PM,07:01 AM,04:54 PM,-10,2,2,2,4,63,41,0.0,1015,1,10,61,3
2019-01-05 06:00:00,11,1,0.0,3.6,2,0,0,06:40 AM,04:50 PM,07:01 AM,04:54 PM,-10,2,2,2,4,33,43,0.0,1014,1,10,59,1
2019-01-05 09:00:00,11,1,0.0,3.6,2,1,0,06:40 AM,04:50 PM,07:01 AM,04:54 PM,-8,5,5,5,3,67,41,0.0,1015,4,10,94,8
2019-01-05 12:00:00,11,1,0.0,3.6,2,2,0,06:40 AM,04:50 PM,07:01 AM,04:54 PM,-4,11,11,11,8,63,37,0.0,1013,10,10,216,22
2019-01-05 15:00:00,11,1,0.0,3.6,2,3,0,06:40 AM,04:50 PM,07:01 AM,04:54 PM,-1,12,12,12,19,65,40,0.1,1013,11,10,216,23
2019-01-05 18:00:00,11,1,0.0,3.6,2,0,0,06:40 AM,04:50 PM,07:01 AM,04:54 PM,-2,9,10,9,15,74,44,0.3,1014,9,8,172,15
2019-01-05 21:00:00,11,1,0.0,3.6,2,0,0,06:40 AM,04:50 PM,07:01 AM,04:54 PM,-2,4,7,4,9,68,57,0.8,1015,6,6,126,13
2019-01-06 00:00:00,11,5,0.0,8.7,2,0,0,07:29 AM,05:42 PM,07:01 AM,04:55 PM,-1,4,6,4,9,73,66,1.0,1015,5,7,165,9
2019-01-06 03:00:00,11,5,0.0,8.7,2,0,0,07:29 AM,05:42 PM,07:01 AM,04:55 PM,0,2,4,2,14,90,77,0.2,1015,4,5,205,9
2019-01-06 06:00:00,11,5,0.0,8.7,2,0,0,07:29 AM,05:42 PM,07:01 AM,04:55 PM,1,1,4,1,22,53,83,0.1,1016,3,10,240,11
2019-01-06 09:00:00,11,5,0.0,8.7,2,3,0,07:29 AM,05:42 PM,07:01 AM,04:55 PM,1,7,8,7,24,6,68,0.0,1016,7,10,249,13
2019-01-06 12:00:00,11,5,0.0,8.7,2,4,0,07:29 AM,05:42 PM,07:01 AM,04:55 PM,1,12,12,12,22,9,49,0.0,1017,11,10,247,18
2019-01-06 15:00:00,11,5,0.0,8.7,2,3,0,07:29 AM,05:42 PM,07:01 AM,04:55 PM,3,10,10,10,25,9,60,0.0,1014,10,10,246,15
2019-01-06 18:00:00,11,5,0.0,8.7,2,0,0,07:29 AM,05:42 PM,07:01 AM,04:55 PM,3,7,8,7,28,14,69,0.0,1016,8,10,230,14
2019-01-06 21:00:00,11,5,0.0,8.7,2,0,0,07:29 AM,05:42 PM,07:01 AM,04:55 PM,2,3,6,3,33,27,73,0.0,1017,6,10,215,12
2019-01-07 00:00:00,12,7,0.0,7.0,4,0,3,08:12 AM,06:36 PM,07:01 AM,04:56 PM,0,1,5,1,43,29,72,0.0,1018,4,10,225,14
2019-01-07 03:00:00,12,7,0.0,7.0,4,0,3,08:12 AM,06:36 PM,07:01 AM,04:56 PM,1,0,4,0,50,22,80,0.0,1021,3,10,226,19
2019-01-07 06:00:00,12,7,0.0,7.0,4,0,3,08:12 AM,06:36 PM,07:01 AM,04:56 PM,2,2,5,2,31,46,78,0.0,1021,5,10,204,17
2019-01-07 09:00:00,12,7,0.0,7.0,4,2,3,08:12 AM,06:36 PM,07:01 AM,04:56 PM,5,8,10,8,20,69,72,0.0,1022,9,10,201,19
2019-01-07 12:00:00,12,7,0.0,7.0,4,4,3,08:12 AM,06:36 PM,07:01 AM,04:56 PM,4,13,13,13,16,46,54,0.0,1022,12,10,214,19
2019-01-07 15:00:00,12,7,0.0,7.0,4,4,3,08:12 AM,06:36 PM,07:01 AM,04:56 PM,1,12,12,12,19,9,47,0.0,1022,12,10,233,14
2019-01-07 18:00:00,12,7,0.0,7.0,4,0,3,08:12 AM,06:36 PM,07:01 AM,04:56 PM,6,12,12,12,15,13,67,0.0,1021,11,10,209,11
2019-01-07 21:00:00,12,7,0.0,7.0,4,0,3,08:12 AM,06:36 PM,07:01 AM,04:56 PM,5,8,9,8,10,41,79,0.0,1022,8,10,128,8
2019-01-08 00:00:00,14,5,0.0,8.7,4,0,10,08:51 AM,07:31 PM,07:01 AM,04:57 PM,5,6,8,6,18,66,83,0.0,1023,7,10,47,10
2019-01-08 03:00:00,14,5,0.0,8.7,4,0,10,08:51 AM,07:31 PM,07:01 AM,04:57 PM,4,4,6,4,18,36,84,0.0,1023,6,10,30,13
2019-01-08 06:00:00,14,5,0.0,8.7,4,0,10,08:51 AM,07:31 PM,07:01 AM,04:57 PM,2,3,5,3,21,23,76,0.0,1022,5,10,22,12
2019-01-08 09:00:00,14,5,0.0,8.7,4,3,10,08:51 AM,07:31 PM,07:01 AM,04:57 PM,0,6,8,6,19,12,59,0.0,1022,7,10,23,11
2019-01-08 12:00:00,14,5,0.0,8.7,4,4,10,08:51 AM,07:31 PM,07:01 AM,04:57 PM,2,12,12,12,16,10,50,0.0,1021,12,10,43,12
2019-01-08 15:00:00,14,5,0.0,8.7,4,4,10,08:51 AM,07:31 PM,07:01 AM,04:57 PM,2,14,14,14,13,6,45,0.0,1018,13,10,61,12
2019-01-08 18:00:00,14,5,0.0,8.7,4,0,10,08:51 AM,07:31 PM,07:01 AM,04:57 PM,0,11,11,11,10,9,47,0.0,1019,10,10,56,12
2019-01-08 21:00:00,14,5,0.0,8.7,4,0,10,08:51 AM,07:31 PM,07:01 AM,04:57 PM,1,8,8,8,12,13,61,0.0,1019,8,10,32,10
2019-01-09 00:00:00,13,5,0.0,8.7,4,0,18,09:27 AM,08:25 PM,07:01 AM,04:58 PM,3,6,6,6,9,10,77,0.0,1021,6,10,21,4
2019-01-09 03:00:00,13,5,0.0,8.7,4,0,18,09:27 AM,08:25 PM,07:01 AM,04:58 PM,2,4,4,4,2,5,82,0.0,1021,4,10,61,2
2019-01-09 06:00:00,13,5,0.0,8.7,4,0,18,09:27 AM,08:25 PM,07:01 AM,04:58 PM,2,3,4,3,1,15,82,0.0,1020,3,10,190,6
2019-01-09 09:00:00,13,5,0.0,8.7,4,3,18,09:27 AM,08:25 PM,07:01 AM,04:58 PM,2,6,8,6,2,39,68,0.0,1018,7,10,266,13
2019-01-09 12:00:00,13,5,0.0,8.7,4,4,18,09:27 AM,08:25 PM,07:01 AM,04:58 PM,3,12,12,12,4,31,54,0.0,1017,11,10,185,14
2019-01-09 15:00:00,13,5,0.0,8.7,4,4,18,09:27 AM,08:25 PM,07:01 AM,04:58 PM,4,14,14,14,9,8,49,0.0,1018,13,10,174,11
2019-01-09 18:00:00,13,5,0.0,8.7,4,0,18,09:27 AM,08:25 PM,07:01 AM,04:58 PM,3,12,12,12,15,12,55,0.0,1019,11,10,216,10
2019-01-09 21:00:00,13,5,0.0,8.7,4,0,18,09:27 AM,08:25 PM,07:01 AM,04:58 PM,3,8,9,8,21,13,69,0.0,1020,8,10,265,9
2019-01-10 00:00:00,15,3,0.0,8.7,3,0,25,09:59 AM,09:21 PM,07:01 AM,04:59 PM,4,5,7,5,18,8,81,0.0,1021,6,10,256,9
2019-01-10 03:00:00,15,3,0.0,8.7,3,0,25,09:59 AM,09:21 PM,07:01 AM,04:59 PM,3,3,5,3,21,1,87,0.0,1020,4,10,262,8
2019-01-10 06:00:00,15,3,0.0,8.7,3,0,25,09:59 AM,09:21 PM,07:01 AM,04:59 PM,2,2,4,2,22,0,85,0.0,1020,3,10,275,6
2019-01-10 09:00:00,15,3,0.0,8.7,3,3,25,09:59 AM,09:21 PM,07:01 AM,04:59 PM,2,5,6,5,16,0,73,0.0,1022,5,10,197,9
2019-01-10 12:00:00,15,3,0.0,8.7,3,4,25,09:59 AM,09:21 PM,07:01 AM,04:59 PM,2,12,12,12,8,1,50,0.0,1021,11,10,36,9
2019-01-10 15:00:00,15,3,0.0,8.7,3,4,25,09:59 AM,09:21 PM,07:01 AM,04:59 PM,1,15,15,15,9,4,39,0.0,1018,14,10,94,8
2019-01-10 18:00:00,15,3,0.0,8.7,3,0,25,09:59 AM,09:21 PM,07:01 AM,04:59 PM,1,11,11,11,8,6,48,0.0,1018,11,10,163,9
2019-01-10 21:00:00,15,3,0.0,8.7,3,0,25,09:59 AM,09:21 PM,07:01 AM,04:59 PM,0,5,7,5,6,9,62,0.0,1019,6,10,158,7
2019-01-11 00:00:00,14,3,0.0,5.3,3,0,32,10:29 AM,10:16 PM,07:01 AM,04:59 PM,0,3,4,3,11,1,72,0.0,1020,4,10,9,6
2019-01-11 03:00:00,14,3,0.0,5.3,3,0,32,10:29 AM,10:16 PM,07:01 AM,04:59 PM,-1,1,3,1,16,5,78,0.0,1019,2,10,13,6
2019-01-11 06:00:00,14,3,0.0,5.3,3,0,32,10:29 AM,10:16 PM,07:01 AM,04:59 PM,-1,3,3,3,17,44,75,0.0,1019,2,10,8,3
2019-01-11 09:00:00,14,3,0.0,5.3,3,3,32,10:29 AM,10:16 PM,07:01 AM,04:59 PM,0,6,6,6,17,69,61,0.0,1020,6,10,17,6
2019-01-11 12:00:00,14,3,0.0,5.3,3,3,32,10:29 AM,10:16 PM,07:01 AM,04:59 PM,-1,12,12,12,14,37,41,0.0,1019,12,10,39,11
2019-01-11 15:00:00,14,3,0.0,5.3,3,4,32,10:29 AM,10:16 PM,07:01 AM,04:59 PM,-1,14,14,14,18,66,37,0.0,1018,13,10,58,10
2019-01-11 18:00:00,14,3,0.0,5.3,3,0,32,10:29 AM,10:16 PM,07:01 AM,04:59 PM,-3,10,10,10,27,6,41,0.0,1019,10,10,51,15
2019-01-11 21:00:00,14,3,0.0,5.3,3,0,32,10:29 AM,10:16 PM,07:01 AM,04:59 PM,-1,8,9,8,36,7,52,0.0,1016,8,10,36,17
2019-01-12 00:00:00,9,4,0.0,3.8,3,0,39,10:59 AM,11:12 PM,07:00 AM,05:00 PM,0,6,8,6,36,13,57,0.0,1016,7,10,30,12
2019-01-12 03:00:00,9,4,0.0,3.8,3,0,39,10:59 AM,11:12 PM,07:00 AM,05:00 PM,0,5,7,5,37,37,62,0.1,1016,6,8,34,9
2019-01-12 06:00:00,9,4,0.0,3.8,3,0,39,10:59 AM,11:12 PM,07:00 AM,05:00 PM,0,3,6,3,32,74,66,0.8,1017,5,6,36,9
2019-01-12 09:00:00,9,4,0.0,3.8,3,2,39,10:59 AM,11:12 PM,07:00 AM,05:00 PM,0,3,6,3,29,74,65,2.1,1018,5,9,39,14
2019-01-12 12:00:00,9,4,0.0,3.8,3,2,39,10:59 AM,11:12 PM,07:00 AM,05:00 PM,2,7,9,7,25,75,63,1.8,1019,8,9,47,16
2019-01-12 15:00:00,9,4,0.0,3.8,3,2,39,10:59 AM,11:12 PM,07:00 AM,05:00 PM,2,10,10,10,25,76,56,1.3,1018,9,9,38,15
2019-01-12 18:00:00,9,4,0.0,3.8,3,0,39,10:59 AM,11:12 PM,07:00 AM,05:00 PM,2,8,9,8,22,67,62,1.3,1019,8,9,30,13
2019-01-12 21:00:00,9,4,0.0,3.8,3,0,39,10:59 AM,11:12 PM,07:00 AM,05:00 PM,2,4,6,4,14,27,73,0.0,1020,5,10,24,9
2019-01-13 00:00:00,12,1,0.0,8.7,3,0,47,11:29 AM,No moonset,07:00 AM,05:01 PM,1,2,4,2,6,22,82,0.0,1020,3,10,120,7
2019-01-13 03:00:00,12,1,0.0,8.7,3,0,47,11:29 AM,No moonset,07:00 AM,05:01 PM,0,2,2,2,9,20,84,0.0,1020,2,10,228,5
2019-01-13 06:00:00,12,1,0.0,8.7,3,0,47,11:29 AM,No moonset,07:00 AM,05:01 PM,-1,1,1,1,13,16,86,0.0,1020,1,10,7,4
2019-01-13 09:00:00,12,1,0.0,8.7,3,2,47,11:29 AM,No moonset,07:00 AM,05:01 PM,0,5,5,5,14,14,73,0.0,1021,4,10,23,6
2019-01-13 12:00:00,12,1,0.0,8.7,3,4,47,11:29 AM,No moonset,07:00 AM,05:01 PM,-1,11,11,11,18,11,47,0.0,1020,10,10,49,14
2019-01-13 15:00:00,12,1,0.0,8.7,3,4,47,11:29 AM,No moonset,07:00 AM,05:01 PM,-1,12,12,12,22,18,41,0.0,1018,12,10,63,17
2019-01-13 18:00:00,12,1,0.0,8.7,3,0,47,11:29 AM,No moonset,07:00 AM,05:01 PM,0,11,11,11,24,26,49,0.0,1018,10,10,67,22
2019-01-13 21:00:00,12,1,0.0,8.7,3,0,47,11:29 AM,No moonset,07:00 AM,05:01 PM,1,8,9,8,26,16,61,0.0,1018,8,10,57,17
2019-01-14 00:00:00,9,7,0.0,5.4,3,0,54,11:59 AM,12:08 AM,07:00 AM,05:02 PM,2,4,7,4,36,21,72,0.0,1017,6,10,34,13
2019-01-14 03:00:00,9,7,0.0,5.4,3,0,54,11:59 AM,12:08 AM,07:00 AM,05:02 PM,1,3,6,3,45,24,71,0.0,1018,6,10,35,14
2019-01-14 06:00:00,9,7,0.0,5.4,3,0,54,11:59 AM,12:08 AM,07:00 AM,05:02 PM,1,2,5,2,51,25,76,0.0,1018,4,10,40,11
2019-01-14 09:00:00,9,7,0.0,5.4,3,2,54,11:59 AM,12:08 AM,07:00 AM,05:02 PM,0,7,8,7,46,47,56,0.4,1020,8,10,47,15
2019-01-14 12:00:00,9,7,0.0,5.4,3,2,54,11:59 AM,12:08 AM,07:00 AM,05:02 PM,1,9,9,9,31,86,56,1.8,1018,9,8,48,22
2019-01-14 15:00:00,9,7,0.0,5.4,3,2,54,11:59 AM,12:08 AM,07:00 AM,05:02 PM,2,10,10,10,30,100,58,3.7,1016,9,7,24,22
2019-01-14 18:00:00,9,7,0.0,5.4,3,0,54,11:59 AM,12:08 AM,07:00 AM,05:02 PM,2,9,9,9,28,96,62,3.7,1016,8,8,15,20
2019-01-14 21:00:00,9,7,0.0,5.4,3,0,54,11:59 AM,12:08 AM,07:00 AM,05:02 PM,3,9,9,9,21,88,66,1.4,1016,8,9,13,18
2019-01-15 00:00:00,9,5,0.0,3.8,3,0,61,12:33 PM,01:08 AM,07:00 AM,05:03 PM,3,8,9,8,12,72,70,0.9,1016,8,9,14,15
2019-01-15 03:00:00,9,5,0.0,3.8,3,0,61,12:33 PM,01:08 AM,07:00 AM,05:03 PM,4,5,8,5,10,46,74,0.0,1016,7,10,26,14
2019-01-15 06:00:00,9,5,0.0,3.8,3,0,61,12:33 PM,01:08 AM,07:00 AM,05:03 PM,4,6,7,6,11,47,80,0.0,1017,7,10,34,10
2019-01-15 09:00:00,9,5,0.0,3.8,3,2,61,12:33 PM,01:08 AM,07:00 AM,05:03 PM,4,6,7,6,12,61,82,0.0,1019,6,10,25,8
2019-01-15 12:00:00,9,5,0.0,3.8,3,2,61,12:33 PM,01:08 AM,07:00 AM,05:03 PM,5,9,9,9,10,73,71,0.0,1018,9,10,40,12
2019-01-15 15:00:00,9,5,0.0,3.8,3,2,61,12:33 PM,01:08 AM,07:00 AM,05:03 PM,3,10,10,10,6,81,63,0.1,1018,9,7,77,11
2019-01-15 18:00:00,9,5,0.0,3.8,3,0,61,12:33 PM,01:08 AM,07:00 AM,05:03 PM,2,8,9,8,3,76,63,1.0,1019,8,4,101,13
2019-01-15 21:00:00,9,5,0.0,3.8,3,0,61,12:33 PM,01:08 AM,07:00 AM,05:03 PM,3,4,7,4,5,71,76,2.0,1018,6,8,84,14
2019-01-16 00:00:00,12,7,0.0,7.1,2,0,69,01:11 PM,02:10 AM,07:00 AM,05:04 PM,3,3,6,3,7,80,82,0.8,1017,5,9,79,11
2019-01-16 03:00:00,12,7,0.0,7.1,2,0,69,01:11 PM,02:10 AM,07:00 AM,05:04 PM,3,3,5,3,8,49,83,0.1,1018,5,10,159,8
2019-01-16 06:00:00,12,7,0.0,7.1,2,0,69,01:11 PM,02:10 AM,07:00 AM,05:04 PM,2,3,5,3,14,18,82,0.0,1020,5,10,229,9
2019-01-16 09:00:00,12,7,0.0,7.1,2,3,69,01:11 PM,02:10 AM,07:00 AM,05:04 PM,5,7,9,7,12,17,81,0.0,1019,8,10,201,9
2019-01-16 12:00:00,12,7,0.0,7.1,2,3,69,01:11 PM,02:10 AM,07:00 AM,05:04 PM,6,11,11,11,9,41,73,0.0,1019,10,10,174,13
2019-01-16 15:00:00,12,7,0.0,7.1,2,3,69,01:11 PM,02:10 AM,07:00 AM,05:04 PM,6,12,12,12,11,74,66,0.1,1018,12,8,209,18
2019-01-16 18:00:00,12,7,0.0,7.1,2,0,69,01:11 PM,02:10 AM,07:00 AM,05:04 PM,5,9,10,9,9,72,71,0.3,1019,9,7,217,18
2019-01-16 21:00:00,12,7,0.0,7.1,2,0,69,01:11 PM,02:10 AM,07:00 AM,05:04 PM,2,4,7,4,14,79,73,0.0,1021,6,10,195,14
2019-01-17 00:00:00,13,10,0.0,3.9,3,0,76,01:55 PM,03:14 AM,06:59 AM,05:05 PM,3,3,6,3,18,72,82,0.1,1019,5,10,181,14
2019-01-17 03:00:00,13,10,0.0,3.9,3,0,76,01:55 PM,03:14 AM,06:59 AM,05:05 PM,5,5,7,5,22,81,89,0.3,1016,7,7,205,18
2019-01-17 06:00:00,13,10,0.0,3.9,3,0,76,01:55 PM,03:14 AM,06:59 AM,05:05 PM,9,11,11,11,23,80,86,1.4,1019,10,4,208,20
2019-01-17 09:00:00,13,10,0.0,3.9,3,3,76,01:55 PM,03:14 AM,06:59 AM,05:05 PM,10,13,13,13,29,69,84,2.7,1018,13,8,208,30
2019-01-17 12:00:00,13,10,0.0,3.9,3,3,76,01:55 PM,03:14 AM,06:59 AM,05:05 PM,10,14,14,14,36,65,80,2.0,1018,13,9,221,30
2019-01-17 15:00:00,13,10,0.0,3.9,3,3,76,01:55 PM,03:14 AM,06:59 AM,05:05 PM,8,12,12,12,37,81,72,0.4,1017,12,10,243,26
2019-01-17 18:00:00,13,10,0.0,3.9,3,0,76,01:55 PM,03:14 AM,06:59 AM,05:05 PM,3,9,10,9,27,70,60,0.5,1018,9,10,258,21
2019-01-17 21:00:00,13,10,0.0,3.9,3,0,76,01:55 PM,03:14 AM,06:59 AM,05:05 PM,2,4,7,4,28,8,68,0.0,1020,7,10,248,16
2019-01-18 00:00:00,14,7,0.0,8.7,4,0,83,02:45 PM,04:20 AM,06:59 AM,05:06 PM,2,3,6,3,25,7,76,0.0,1020,5,10,236,13
2019-01-18 03:00:00,14,7,0.0,8.7,4,0,83,02:45 PM,04:20 AM,06:59 AM,05:06 PM,2,1,4,1,23,8,81,0.0,1019,4,10,229,11
2019-01-18 06:00:00,14,7,0.0,8.7,4,0,83,02:45 PM,04:20 AM,06:59 AM,05:06 PM,2,2,5,2,30,4,79,0.0,1023,4,10,245,9
2019-01-18 09:00:00,14,7,0.0,8.7,4,3,83,02:45 PM,04:20 AM,06:59 AM,05:06 PM,4,9,10,9,24,6,67,0.0,1025,10,10,282,13
2019-01-18 12:00:00,14,7,0.0,8.7,4,4,83,02:45 PM,04:20 AM,06:59 AM,05:06 PM,4,15,15,15,12,9,50,0.0,1024,14,10,231,12
2019-01-18 15:00:00,14,7,0.0,8.7,4,4,83,02:45 PM,04:20 AM,06:59 AM,05:06 PM,2,14,14,14,5,5,47,0.0,1023,13,10,70,8
2019-01-18 18:00:00,14,7,0.0,8.7,4,0,83,02:45 PM,04:20 AM,06:59 AM,05:06 PM,4,10,10,10,5,5,62,0.0,1023,10,10,170,13
2019-01-18 21:00:00,14,7,0.0,8.7,4,0,83,02:45 PM,04:20 AM,06:59 AM,05:06 PM,5,8,8,8,4,4,75,0.0,1026,8,10,298,10
2019-01-19 00:00:00,13,4,0.0,8.7,3,0,90,03:45 PM,05:26 AM,06:59 AM,05:07 PM,4,5,7,5,4,4,81,0.0,1027,6,10,317,8
2019-01-19 03:00:00,13,4,0.0,8.7,3,0,90,03:45 PM,05:26 AM,06:59 AM,05:07 PM,3,4,6,4,4,7,84,0.0,1027,5,10,231,8
2019-01-19 06:00:00,13,4,0.0,8.7,3,0,90,03:45 PM,05:26 AM,06:59 AM,05:07 PM,3,4,5,4,4,12,85,0.0,1027,4,10,7,7
2019-01-19 09:00:00,13,4,0.0,8.7,3,3,90,03:45 PM,05:26 AM,06:59 AM,05:07 PM,2,7,7,7,3,13,73,0.0,1028,6,10,42,6
2019-01-19 12:00:00,13,4,0.0,8.7,3,4,90,03:45 PM,05:26 AM,06:59 AM,05:07 PM,1,12,12,12,6,19,47,0.0,1028,11,10,93,11
2019-01-19 15:00:00,13,4,0.0,8.7,3,4,90,03:45 PM,05:26 AM,06:59 AM,05:07 PM,2,14,14,14,9,15,44,0.0,1027,13,10,88,13
2019-01-19 18:00:00,13,4,0.0,8.7,3,0,90,03:45 PM,05:26 AM,06:59 AM,05:07 PM,3,12,12,12,8,10,57,0.0,1025,11,10,133,8
2019-01-19 21:00:00,13,4,0.0,8.7,3,0,90,03:45 PM,05:26 AM,06:59 AM,05:07 PM,4,9,9,9,7,1,70,0.0,1023,9,10,200,4
2019-01-20 00:00:00,15,4,0.0,7.1,4,0,98,04:51 PM,06:29 AM,06:58 AM,05:08 PM,3,7,7,7,6,1,76,0.0,1023,7,10,219,3
2019-01-20 03:00:00,15,4,0.0,7.1,4,0,98,04:51 PM,06:29 AM,06:58 AM,05:08 PM,3,5,5,5,4,0,83,0.0,1022,5,10,223,3
2019-01-20 06:00:00,15,4,0.0,7.1,4,0,98,04:51 PM,06:29 AM,06:58 AM,05:08 PM,3,4,4,4,6,2,87,0.0,1021,4,10,233,4
2019-01-20 09:00:00,15,4,0.0,7.1,4,3,98,04:51 PM,06:29 AM,06:58 AM,05:08 PM,3,7,7,7,12,11,73,0.0,1022,7,10,258,6
2019-01-20 12:00:00,15,4,0.0,7.1,4,3,98,04:51 PM,06:29 AM,06:58 AM,05:08 PM,2,13,13,13,17,42,48,0.0,1022,13,10,257,8
2019-01-20 15:00:00,15,4,0.0,7.1,4,3,98,04:51 PM,06:29 AM,06:58 AM,05:08 PM,4,15,15,15,22,86,45,0.0,1018,15,10,253,14
2019-01-20 18:00:00,15,4,0.0,7.1,4,0,98,04:51 PM,06:29 AM,06:58 AM,05:08 PM,4,13,13,13,25,58,55,0.0,1016,12,10,257,18
2019-01-20 21:00:00,15,4,0.0,7.1,4,0,98,04:51 PM,06:29 AM,06:58 AM,05:08 PM,2,8,9,8,30,5,61,0.0,1018,8,10,262,16
2019-01-21 00:00:00,12,6,0.0,8.7,3,0,100,06:03 PM,07:26 AM,06:58 AM,05:09 PM,2,4,7,4,40,5,66,0.0,1018,6,10,266,15
2019-01-21 03:00:00,12,6,0.0,8.7,3,0,100,06:03 PM,07:26 AM,06:58 AM,05:09 PM,2,6,8,6,50,7,67,0.0,1017,7,10,272,20
2019-01-21 06:00:00,12,6,0.0,8.7,3,0,100,06:03 PM,07:26 AM,06:58 AM,05:09 PM,0,7,9,7,43,19,56,0.0,1018,8,10,279,29
2019-01-21 09:00:00,12,6,0.0,8.7,3,3,100,06:03 PM,07:26 AM,06:58 AM,05:09 PM,0,6,9,6,34,28,57,0.0,1020,8,10,277,25
2019-01-21 12:00:00,12,6,0.0,8.7,3,4,100,06:03 PM,07:26 AM,06:58 AM,05:09 PM,-1,11,11,11,48,0,46,0.0,1023,10,10,294,13
2019-01-21 15:00:00,12,6,0.0,8.7,3,4,100,06:03 PM,07:26 AM,06:58 AM,05:09 PM,-2,10,11,10,44,0,41,0.0,1022,10,10,312,17
2019-01-21 18:00:00,12,6,0.0,8.7,3,0,100,06:03 PM,07:26 AM,06:58 AM,05:09 PM,-1,3,7,3,42,0,58,0.0,1021,6,10,315,24
2019-01-21 21:00:00,12,6,0.0,8.7,3,0,100,06:03 PM,07:26 AM,06:58 AM,05:09 PM,0,2,5,2,36,0,64,0.0,1025,5,10,314,14
2019-01-22 00:00:00,10,2,0.0,8.7,3,0,88,07:15 PM,08:15 AM,06:57 AM,05:10 PM,-2,0,3,0,22,0,68,0.0,1026,3,10,312,11
2019-01-22 03:00:00,10,2,0.0,8.7,3,0,88,07:15 PM,08:15 AM,06:57 AM,05:10 PM,-3,-1,1,-1,21,0,71,0.0,1025,1,10,309,9
2019-01-22 06:00:00,10,2,0.0,8.7,3,0,88,07:15 PM,08:15 AM,06:57 AM,05:10 PM,-4,-1,1,-1,18,0,65,0.0,1027,0,10,312,8
2019-01-22 09:00:00,10,2,0.0,8.7,3,2,88,07:15 PM,08:15 AM,06:57 AM,05:10 PM,-4,4,5,4,12,0,50,0.0,1028,4,10,235,6
2019-01-22 12:00:00,10,2,0.0,8.7,3,3,88,07:15 PM,08:15 AM,06:57 AM,05:10 PM,-4,10,10,10,12,0,37,0.0,1028,9,10,62,12
2019-01-22 15:00:00,10,2,0.0,8.7,3,3,88,07:15 PM,08:15 AM,06:57 AM,05:10 PM,-5,10,10,10,17,0,34,0.0,1026,10,10,60,14
2019-01-22 18:00:00,10,2,0.0,8.7,3,0,88,07:15 PM,08:15 AM,06:57 AM,05:10 PM,-6,7,7,7,14,0,39,0.0,1028,7,10,100,12
2019-01-22 21:00:00,10,2,0.0,8.7,3,0,88,07:15 PM,08:15 AM,06:57 AM,05:10 PM,-6,2,3,2,12,0,49,0.0,1030,3,10,204,4
2019-01-23 00:00:00,12,3,0.0,8.7,3,0,81,08:26 PM,09:00 AM,06:57 AM,05:11 PM,-7,2,2,2,11,0,52,0.0,1030,1,10,226,3
2019-01-23 03:00:00,12,3,0.0,8.7,3,0,81,08:26 PM,09:00 AM,06:57 AM,05:11 PM,-8,0,0,0,9,0,54,0.0,1030,-1,10,259,2
2019-01-23 06:00:00,12,3,0.0,8.7,3,0,81,08:26 PM,09:00 AM,06:57 AM,05:11 PM,-6,0,1,0,4,0,57,0.0,1029,0,10,269,5
2019-01-23 09:00:00,12,3,0.0,8.7,3,3,81,08:26 PM,09:00 AM,06:57 AM,05:11 PM,-4,5,6,5,3,1,47,0.0,1026,5,10,198,10
2019-01-23 12:00:00,12,3,0.0,8.7,3,4,81,08:26 PM,09:00 AM,06:57 AM,05:11 PM,-3,11,11,11,4,1,37,0.0,1023,10,10,153,13
2019-01-23 15:00:00,12,3,0.0,8.7,3,4,81,08:26 PM,09:00 AM,06:57 AM,05:11 PM,-3,13,13,13,8,0,33,0.0,1021,12,10,168,12
2019-01-23 18:00:00,12,3,0.0,8.7,3,0,81,08:26 PM,09:00 AM,06:57 AM,05:11 PM,-2,9,10,9,9,0,42,0.0,1024,10,10,234,11
2019-01-23 21:00:00,12,3,0.0,8.7,3,0,81,08:26 PM,09:00 AM,06:57 AM,05:11 PM,-1,3,6,3,9,1,59,0.0,1024,6,10,351,14
2019-01-24 00:00:00,13,3,0.0,8.7,3,0,73,09:36 PM,09:39 AM,06:56 AM,05:12 PM,-1,2,5,2,8,3,64,0.0,1025,4,10,349,13
2019-01-24 03:00:00,13,3,0.0,8.7,3,0,73,09:36 PM,09:39 AM,06:56 AM,05:12 PM,-2,0,3,0,7,3,68,0.0,1024,3,10,249,9
2019-01-24 06:00:00,13,3,0.0,8.7,3,0,73,09:36 PM,09:39 AM,06:56 AM,05:12 PM,-2,0,3,0,7,2,71,0.0,1024,2,10,35,8
2019-01-24 09:00:00,13,3,0.0,8.7,3,3,73,09:36 PM,09:39 AM,06:56 AM,05:12 PM,-2,5,6,5,8,1,57,0.0,1023,6,10,44,8
2019-01-24 12:00:00,13,3,0.0,8.7,3,4,73,09:36 PM,09:39 AM,06:56 AM,05:12 PM,-3,12,12,12,12,1,37,0.0,1020,11,10,56,13
2019-01-24 15:00:00,13,3,0.0,8.7,3,4,73,09:36 PM,09:39 AM,06:56 AM,05:12 PM,-1,14,14,14,19,0,37,0.0,1021,13,10,57,12
2019-01-24 18:00:00,13,3,0.0,8.7,3,0,73,09:36 PM,09:39 AM,06:56 AM,05:12 PM,1,12,13,12,15,0,50,0.0,1023,11,10,69,10
2019-01-24 21:00:00,13,3,0.0,8.7,3,0,73,09:36 PM,09:39 AM,06:56 AM,05:12 PM,-1,7,11,7,6,0,59,0.0,1024,8,10,68,9
2019-01-25 00:00:00,12,2,0.0,8.7,3,0,66,10:41 PM,10:15 AM,06:56 AM,05:13 PM,-1,2,5,2,8,0,63,0.0,1025,4,10,16,8
2019-01-25 03:00:00,12,2,0.0,8.7,3,0,66,10:41 PM,10:15 AM,06:56 AM,05:13 PM,-2,0,3,0,6,0,66,0.0,1025,3,10,16,8
2019-01-25 06:00:00,12,2,0.0,8.7,3,0,66,10:41 PM,10:15 AM,06:56 AM,05:13 PM,-3,0,2,0,9,0,66,0.0,1025,2,10,10,8
2019-01-25 09:00:00,12,2,0.0,8.7,3,3,66,10:41 PM,10:15 AM,06:56 AM,05:13 PM,-2,6,6,6,10,0,58,0.0,1026,5,10,14,8
2019-01-25 12:00:00,12,2,0.0,8.7,3,4,66,10:41 PM,10:15 AM,06:56 AM,05:13 PM,-2,12,12,12,11,0,38,0.0,1025,12,10,50,14
2019-01-25 15:00:00,12,2,0.0,8.7,3,4,66,10:41 PM,10:15 AM,06:56 AM,05:13 PM,-3,13,13,13,11,0,31,0.0,1023,12,10,85,16
2019-01-25 18:00:00,12,2,0.0,8.7,3,0,66,10:41 PM,10:15 AM,06:56 AM,05:13 PM,-2,11,11,11,9,0,41,0.0,1022,11,10,131,10
2019-01-25 21:00:00,12,2,0.0,8.7,3,0,66,10:41 PM,10:15 AM,06:56 AM,05:13 PM,-2,5,7,5,6,0,54,0.0,1024,7,10,198,9
2019-01-26 00:00:00,14,3,0.0,8.7,4,0,59,11:46 PM,10:49 AM,06:55 AM,05:14 PM,-4,3,5,3,8,0,54,0.0,1025,5,10,246,8
2019-01-26 03:00:00,14,3,0.0,8.7,4,0,59,11:46 PM,10:49 AM,06:55 AM,05:14 PM,-5,1,3,1,10,0,53,0.0,1026,3,10,189,7
2019-01-26 06:00:00,14,3,0.0,8.7,4,0,59,11:46 PM,10:49 AM,06:55 AM,05:14 PM,-5,1,3,1,10,0,56,0.0,1028,2,10,31,5
2019-01-26 09:00:00,14,3,0.0,8.7,4,3,59,11:46 PM,10:49 AM,06:55 AM,05:14 PM,-4,6,6,6,12,0,48,0.0,1028,6,10,50,7
2019-01-26 12:00:00,14,3,0.0,8.7,4,4,59,11:46 PM,10:49 AM,06:55 AM,05:14 PM,-5,12,12,12,9,0,32,0.0,1025,11,10,52,10
2019-01-26 15:00:00,14,3,0.0,8.7,4,4,59,11:46 PM,10:49 AM,06:55 AM,05:14 PM,-2,14,14,14,7,0,32,0.0,1023,14,10,79,10
2019-01-26 18:00:00,14,3,0.0,8.7,4,0,59,11:46 PM,10:49 AM,06:55 AM,05:14 PM,0,14,15,14,7,22,40,0.0,1025,14,10,153,8
2019-01-26 21:00:00,14,3,0.0,8.7,4,0,59,11:46 PM,10:49 AM,06:55 AM,05:14 PM,-2,11,14,11,10,78,46,0.0,1026,11,10,251,4
2019-01-27 00:00:00,16,4,0.0,8.7,3,0,51,No moonrise,11:24 AM,06:54 AM,05:15 PM,-2,8,10,8,5,100,53,0.0,1026,8,10,273,4
2019-01-27 03:00:00,16,4,0.0,8.7,3,0,51,No moonrise,11:24 AM,06:54 AM,05:15 PM,-3,5,5,5,5,97,58,0.0,1025,5,10,325,3
2019-01-27 06:00:00,16,4,0.0,8.7,3,0,51,No moonrise,11:24 AM,06:54 AM,05:15 PM,-2,4,4,4,4,73,62,0.0,1024,4,10,232,1
2019-01-27 09:00:00,16,4,0.0,8.7,3,3,51,No moonrise,11:24 AM,06:54 AM,05:15 PM,-1,8,8,8,2,27,54,0.0,1023,7,10,46,2
2019-01-27 12:00:00,16,4,0.0,8.7,3,4,51,No moonrise,11:24 AM,06:54 AM,05:15 PM,-1,14,14,14,6,11,35,0.0,1021,14,10,111,5
2019-01-27 15:00:00,16,4,0.0,8.7,3,5,51,No moonrise,11:24 AM,06:54 AM,05:15 PM,0,17,17,17,9,5,31,0.0,1019,16,10,120,8
2019-01-27 18:00:00,16,4,0.0,8.7,3,0,51,No moonrise,11:24 AM,06:54 AM,05:15 PM,1,15,16,15,8,6,40,0.0,1018,15,10,117,7
2019-01-27 21:00:00,16,4,0.0,8.7,3,0,51,No moonrise,11:24 AM,06:54 AM,05:15 PM,1,10,12,10,4,9,56,0.0,1018,11,10,161,9
2019-01-28 00:00:00,16,6,0.0,8.7,4,0,44,12:48 AM,11:58 AM,06:54 AM,05:17 PM,1,6,8,6,6,7,62,0.0,1017,7,10,347,7
2019-01-28 03:00:00,16,6,0.0,8.7,4,0,44,12:48 AM,11:58 AM,06:54 AM,05:17 PM,0,6,6,6,6,7,64,0.0,1017,6,10,348,5
2019-01-28 06:00:00,16,6,0.0,8.7,4,0,44,12:48 AM,11:58 AM,06:54 AM,05:17 PM,0,6,6,6,6,12,66,0.0,1017,5,10,249,3
2019-01-28 09:00:00,16,6,0.0,8.7,4,3,44,12:48 AM,11:58 AM,06:54 AM,05:17 PM,1,9,9,9,8,22,56,0.0,1018,9,10,34,5
2019-01-28 12:00:00,16,6,0.0,8.7,4,4,44,12:48 AM,11:58 AM,06:54 AM,05:17 PM,1,15,15,15,11,31,36,0.0,1018,14,10,51,8
2019-01-28 15:00:00,16,6,0.0,8.7,4,5,44,12:48 AM,11:58 AM,06:54 AM,05:17 PM,1,17,17,17,13,30,33,0.0,1018,16,10,65,9
2019-01-28 18:00:00,16,6,0.0,8.7,4,0,44,12:48 AM,11:58 AM,06:54 AM,05:17 PM,2,15,16,15,9,21,41,0.0,1016,15,10,171,9
2019-01-28 21:00:00,16,6,0.0,8.7,4,0,44,12:48 AM,11:58 AM,06:54 AM,05:17 PM,1,12,14,12,10,6,50,0.0,1017,12,10,357,8
2019-01-29 00:00:00,15,6,0.0,8.7,4,0,37,01:49 AM,12:35 PM,06:53 AM,05:18 PM,0,9,9,9,8,13,52,0.0,1017,9,10,240,4
2019-01-29 03:00:00,15,6,0.0,8.7,4,0,37,01:49 AM,12:35 PM,06:53 AM,05:18 PM,0,8,8,8,5,31,59,0.0,1016,7,10,113,3
2019-01-29 06:00:00,15,6,0.0,8.7,4,0,37,01:49 AM,12:35 PM,06:53 AM,05:18 PM,1,7,7,7,4,40,66,0.0,1015,6,10,292,1
2019-01-29 09:00:00,15,6,0.0,8.7,4,3,37,01:49 AM,12:35 PM,06:53 AM,05:18 PM,0,9,9,9,7,20,56,0.0,1016,9,10,242,4
2019-01-29 12:00:00,15,6,0.0,8.7,4,4,37,01:49 AM,12:35 PM,06:53 AM,05:18 PM,-2,15,15,15,4,17,33,0.0,1017,14,10,271,10
2019-01-29 15:00:00,15,6,0.0,8.7,4,5,37,01:49 AM,12:35 PM,06:53 AM,05:18 PM,-1,16,16,16,3,37,31,0.0,1014,15,10,150,11
2019-01-29 18:00:00,15,6,0.0,8.7,4,0,37,01:49 AM,12:35 PM,06:53 AM,05:18 PM,3,15,15,15,8,45,44,0.0,1012,14,10,8,12
2019-01-29 21:00:00,15,6,0.0,8.7,4,0,37,01:49 AM,12:35 PM,06:53 AM,05:18 PM,3,12,12,12,16,18,54,0.0,1013,12,10,125,13
2019-01-30 00:00:00,17,6,0.0,8.7,4,0,30,02:47 AM,01:16 PM,06:52 AM,05:19 PM,3,10,10,10,15,18,61,0.0,1013,10,10,348,10
2019-01-30 03:00:00,17,6,0.0,8.7,4,0,30,02:47 AM,01:16 PM,06:52 AM,05:19 PM,3,8,9,8,15,12,66,0.0,1013,8,10,345,7
2019-01-30 06:00:00,17,6,0.0,8.7,4,0,30,02:47 AM,01:16 PM,06:52 AM,05:19 PM,2,7,8,7,13,15,67,0.0,1014,7,10,230,5
2019-01-30 09:00:00,17,6,0.0,8.7,4,3,30,02:47 AM,01:16 PM,06:52 AM,05:19 PM,-1,8,8,8,9,22,57,0.0,1017,8,10,26,4
2019-01-30 12:00:00,17,6,0.0,8.7,4,4,30,02:47 AM,01:16 PM,06:52 AM,05:19 PM,-4,13,13,13,7,22,30,0.0,1019,13,10,59,8
2019-01-30 15:00:00,17,6,0.0,8.7,4,5,30,02:47 AM,01:16 PM,06:52 AM,05:19 PM,-1,17,17,17,9,7,30,0.0,1013,16,10,91,7
2019-01-30 18:00:00,17,6,0.0,8.7,4,0,30,02:47 AM,01:16 PM,06:52 AM,05:19 PM,-1,14,14,14,10,5,37,0.0,1014,13,10,79,7
2019-01-30 21:00:00,17,6,0.0,8.7,4,0,30,02:47 AM,01:16 PM,06:52 AM,05:19 PM,2,10,10,10,6,5,54,0.0,1013,10,10,105,5
2019-01-31 00:00:00,11,6,0.0,5.6,3,0,26,03:44 AM,01:59 PM,06:52 AM,05:20 PM,1,8,8,8,1,8,62,0.0,1013,8,10,263,5
2019-01-31 03:00:00,11,6,0.0,5.6,3,0,26,03:44 AM,01:59 PM,06:52 AM,05:20 PM,2,6,6,6,1,15,70,0.0,1013,6,10,189,2
2019-01-31 06:00:00,11,6,0.0,5.6,3,0,26,03:44 AM,01:59 PM,06:52 AM,05:20 PM,1,5,6,5,4,32,71,0.0,1014,5,10,97,5
2019-01-31 09:00:00,11,6,0.0,5.6,3,2,26,03:44 AM,01:59 PM,06:52 AM,05:20 PM,2,6,8,6,11,65,66,0.0,1015,8,10,12,14
2019-01-31 12:00:00,11,6,0.0,5.6,3,4,26,03:44 AM,01:59 PM,06:52 AM,05:20 PM,4,11,11,11,18,69,62,0.1,1013,11,10,34,13
2019-01-31 15:00:00,11,6,0.0,5.6,3,3,26,03:44 AM,01:59 PM,06:52 AM,05:20 PM,4,12,12,12,22,57,57,0.1,1013,11,8,63,13
2019-01-31 18:00:00,11,6,0.0,5.6,3,0,26,03:44 AM,01:59 PM,06:52 AM,05:20 PM,5,9,10,9,15,59,68,0.1,1014,9,7,59,9
2019-01-31 21:00:00,11,6,0.0,5.6,3,0,26,03:44 AM,01:59 PM,06:52 AM,05:20 PM,3,6,8,6,12,21,74,0.0,1015,7,10,38,8
2019-02-01 00:00:00,13,3,0.0,8.7,3,0,8,04:36 AM,02:47 PM,06:51 AM,05:21 PM,2,5,7,5,8,20,74,0.0,1015,6,10,16,6
2019-02-01 03:00:00,13,3,0.0,8.7,3,0,8,04:36 AM,02:47 PM,06:51 AM,05:21 PM,2,5,5,5,8,18,83,0.0,1016,5,10,9,4
2019-02-01 06:00:00,13,3,0.0,8.7,3,0,8,04:36 AM,02:47 PM,06:51 AM,05:21 PM,2,4,4,4,8,13,91,0.0,1016,3,10,27,3
2019-02-01 09:00:00,13,3,0.0,8.7,3,3,8,04:36 AM,02:47 PM,06:51 AM,05:21 PM,4,6,6,6,8,14,86,0.0,1016,5,10,37,4
2019-02-01 12:00:00,13,3,0.0,8.7,3,4,8,04:36 AM,02:47 PM,06:51 AM,05:21 PM,5,11,11,11,6,13,66,0.0,1014,11,10,49,10
2019-02-01 15:00:00,13,3,0.0,8.7,3,4,8,04:36 AM,02:47 PM,06:51 AM,05:21 PM,4,13,13,13,5,30,58,0.0,1013,12,10,115,12
2019-02-01 18:00:00,13,3,0.0,8.7,3,0,8,04:36 AM,02:47 PM,06:51 AM,05:21 PM,5,11,11,11,10,55,69,0.0,1012,10,10,253,20
2019-02-01 21:00:00,13,3,0.0,8.7,3,0,8,04:36 AM,02:47 PM,06:51 AM,05:21 PM,6,11,11,11,13,51,71,0.2,1011,10,8,247,21
2019-02-02 00:00:00,10,7,0.0,4.0,2,0,1,05:26 AM,03:38 PM,06:50 AM,05:22 PM,6,10,10,10,12,72,76,0.7,1011,9,6,174,20
2019-02-02 03:00:00,10,7,0.0,4.0,2,0,1,05:26 AM,03:38 PM,06:50 AM,05:22 PM,6,8,9,8,6,86,81,1.0,1010,8,9,57,19
2019-02-02 06:00:00,10,7,0.0,4.0,2,0,1,05:26 AM,03:38 PM,06:50 AM,05:22 PM,6,5,8,5,12,68,87,1.1,1009,7,7,80,18
2019-02-02 09:00:00,10,7,0.0,4.0,2,2,1,05:26 AM,03:38 PM,06:50 AM,05:22 PM,7,7,9,7,19,87,89,0.6,1008,8,4,74,17
2019-02-02 12:00:00,10,7,0.0,4.0,2,2,1,05:26 AM,03:38 PM,06:50 AM,05:22 PM,8,10,10,10,27,94,83,1.3,1006,10,9,118,17
2019-02-02 15:00:00,10,7,0.0,4.0,2,2,1,05:26 AM,03:38 PM,06:50 AM,05:22 PM,7,11,11,11,50,81,76,3.1,1006,10,9,200,19
2019-02-02 18:00:00,10,7,0.0,4.0,2,0,1,05:26 AM,03:38 PM,06:50 AM,05:22 PM,4,10,10,10,47,79,71,4.0,1008,9,9,210,23
2019-02-02 21:00:00,10,7,0.0,4.0,2,0,1,05:26 AM,03:38 PM,06:50 AM,05:22 PM,5,9,9,9,35,74,76,0.1,1010,8,10,208,25
2019-02-03 00:00:00,11,8,0.0,8.7,3,0,0,06:10 AM,04:30 PM,06:49 AM,05:23 PM,5,7,9,7,36,57,78,0.1,1009,8,10,216,25
2019-02-03 03:00:00,11,8,0.0,8.7,3,0,0,06:10 AM,04:30 PM,06:49 AM,05:23 PM,5,4,8,4,43,21,80,0.0,1009,7,10,218,28
2019-02-03 06:00:00,11,8,0.0,8.7,3,0,0,06:10 AM,04:30 PM,06:49 AM,05:23 PM,5,6,9,6,46,29,79,0.0,1010,8,10,221,27
2019-02-03 09:00:00,11,8,0.0,8.7,3,3,0,06:10 AM,04:30 PM,06:49 AM,05:23 PM,7,10,10,10,41,27,79,0.0,1011,9,10,222,28
2019-02-03 12:00:00,11,8,0.0,8.7,3,3,0,06:10 AM,04:30 PM,06:49 AM,05:23 PM,5,11,11,11,35,32,67,0.0,1012,10,10,225,28
2019-02-03 15:00:00,11,8,0.0,8.7,3,4,0,06:10 AM,04:30 PM,06:49 AM,05:23 PM,2,11,11,11,35,42,55,0.0,1012,10,10,223,28
2019-02-03 18:00:00,11,8,0.0,8.7,3,0,0,06:10 AM,04:30 PM,06:49 AM,05:23 PM,2,8,9,8,38,26,63,0.0,1011,8,10,220,26
2019-02-03 21:00:00,11,8,0.0,8.7,3,0,0,06:10 AM,04:30 PM,06:49 AM,05:23 PM,2,5,8,5,37,18,70,0.0,1010,7,10,220,20
2019-02-04 00:00:00,10,7,0.0,4.0,3,0,0,06:51 AM,05:25 PM,06:49 AM,05:24 PM,2,3,7,3,29,34,75,0.0,1011,6,10,225,18
2019-02-04 03:00:00,10,7,0.0,4.0,3,0,0,06:51 AM,05:25 PM,06:49 AM,05:24 PM,2,3,6,3,30,61,77,0.1,1011,6,8,218,19
2019-02-04 06:00:00,10,7,0.0,4.0,3,0,0,06:51 AM,05:25 PM,06:49 AM,05:24 PM,5,4,7,4,38,67,85,0.2,1010,7,5,206,22
2019-02-04 09:00:00,10,7,0.0,4.0,3,2,0,06:51 AM,05:25 PM,06:49 AM,05:24 PM,4,4,8,4,48,61,76,0.5,1010,7,6,206,27
2019-02-04 12:00:00,10,7,0.0,4.0,3,2,0,06:51 AM,05:25 PM,06:49 AM,05:24 PM,3,7,9,7,50,61,66,0.9,1009,8,9,217,27
2019-02-04 15:00:00,10,7,0.0,4.0,3,2,0,06:51 AM,05:25 PM,06:49 AM,05:24 PM,3,9,10,9,42,82,62,1.0,1007,9,9,230,39
2019-02-04 18:00:00,10,7,0.0,4.0,3,0,0,06:51 AM,05:25 PM,06:49 AM,05:24 PM,0,4,8,4,46,61,59,0.7,1012,7,12,220,26
2019-02-04 21:00:00,10,7,0.0,4.0,3,0,0,06:51 AM,05:25 PM,06:49 AM,05:24 PM,0,3,6,3,42,34,64,0.0,1014,6,17,217,20
2019-02-05 00:00:00,8,5,0.0,7.1,2,0,0,07:28 AM,06:19 PM,06:48 AM,05:25 PM,0,0,5,0,43,72,67,0.1,1013,4,14,220,25
2019-02-05 03:00:00,8,5,0.0,7.1,2,0,0,07:28 AM,06:19 PM,06:48 AM,05:25 PM,0,0,4,0,41,78,72,0.1,1013,4,10,225,24
2019-02-05 06:00:00,8,5,0.0,7.1,2,0,0,07:28 AM,06:19 PM,06:48 AM,05:25 PM,2,1,5,1,39,71,80,0.1,1012,5,10,222,24
2019-02-05 09:00:00,8,5,0.0,7.1,2,2,0,07:28 AM,06:19 PM,06:48 AM,05:25 PM,1,4,7,4,36,62,69,0.1,1015,6,8,232,18
2019-02-05 12:00:00,8,5,0.0,7.1,2,3,0,07:28 AM,06:19 PM,06:48 AM,05:25 PM,0,7,9,7,35,49,54,0.1,1016,8,7,255,18
2019-02-05 15:00:00,8,5,0.0,7.1,2,3,0,07:28 AM,06:19 PM,06:48 AM,05:25 PM,1,4,8,4,38,24,61,0.0,1011,7,10,265,32
2019-02-05 18:00:00,8,5,0.0,7.1,2,0,0,07:28 AM,06:19 PM,06:48 AM,05:25 PM,1,2,6,2,35,15,66,0.0,1012,6,10,266,28
2019-02-05 21:00:00,8,5,0.0,7.1,2,0,0,07:28 AM,06:19 PM,06:48 AM,05:25 PM,-1,0,4,0,31,16,71,0.0,1015,3,10,268,18
2019-02-06 00:00:00,5,-1,0.0,8.7,2,0,7,08:01 AM,07:15 PM,06:47 AM,05:26 PM,-3,-2,2,-2,32,0,68,0.0,1018,1,10,270,13
2019-02-06 03:00:00,5,-1,0.0,8.7,2,0,7,08:01 AM,07:15 PM,06:47 AM,05:26 PM,-3,-3,1,-3,25,1,73,0.0,1016,0,10,275,13
2019-02-06 06:00:00,5,-1,0.0,8.7,2,0,7,08:01 AM,07:15 PM,06:47 AM,05:26 PM,-4,-3,0,-3,23,2,73,0.0,1020,-1,10,272,10
2019-02-06 09:00:00,5,-1,0.0,8.7,2,2,7,08:01 AM,07:15 PM,06:47 AM,05:26 PM,-3,-1,3,-1,18,0,64,0.0,1019,2,10,290,20
2019-02-06 12:00:00,5,-1,0.0,8.7,2,3,7,08:01 AM,07:15 PM,06:47 AM,05:26 PM,-5,4,7,4,13,0,42,0.0,1020,6,10,311,26
2019-02-06 15:00:00,5,-1,0.0,8.7,2,3,7,08:01 AM,07:15 PM,06:47 AM,05:26 PM,-4,9,10,9,10,0,35,0.0,1022,9,10,296,14
2019-02-06 18:00:00,5,-1,0.0,8.7,2,0,7,08:01 AM,07:15 PM,06:47 AM,05:26 PM,-6,6,8,6,14,0,43,0.0,1023,7,10,280,11
2019-02-06 21:00:00,5,-1,0.0,8.7,2,0,7,08:01 AM,07:15 PM,06:47 AM,05:26 PM,-5,4,7,4,16,2,66,0.0,1022,4,10,291,13
2019-02-07 00:00:00,8,1,0.0,8.7,2,0,14,08:32 AM,08:10 PM,06:46 AM,05:27 PM,-6,-1,2,-1,11,4,71,0.0,1025,0,10,316,7
2019-02-07 03:00:00,8,1,0.0,8.7,2,0,14,08:32 AM,08:10 PM,06:46 AM,05:27 PM,-6,-3,-2,-3,9,3,75,0.0,1026,-3,10,244,5
2019-02-07 06:00:00,8,1,0.0,8.7,2,0,14,08:32 AM,08:10 PM,06:46 AM,05:27 PM,-6,-2,-1,-2,13,1,71,0.0,1026,-2,10,41,8
2019-02-07 09:00:00,8,1,0.0,8.7,2,2,14,08:32 AM,08:10 PM,06:46 AM,05:27 PM,-6,0,3,0,15,0,51,0.0,1026,2,10,39,13
2019-02-07 12:00:00,8,1,0.0,8.7,2,3,14,08:32 AM,08:10 PM,06:46 AM,05:27 PM,-6,4,7,4,14,6,38,0.0,1025,6,10,59,12
2019-02-07 15:00:00,8,1,0.0,8.7,2,2,14,08:32 AM,08:10 PM,06:46 AM,05:27 PM,-6,6,8,6,12,45,36,0.0,1023,7,10,76,8
2019-02-07 18:00:00,8,1,0.0,8.7,2,0,14,08:32 AM,08:10 PM,06:46 AM,05:27 PM,-7,6,8,6,10,68,41,0.0,1023,7,10,66,9
2019-02-07 21:00:00,8,1,0.0,8.7,2,0,14,08:32 AM,08:10 PM,06:46 AM,05:27 PM,-6,4,7,4,13,4,57,0.0,1025,4,10,38,8
2019-02-08 00:00:00,9,1,0.0,8.7,3,0,22,09:01 AM,09:05 PM,06:45 AM,05:28 PM,-6,0,2,0,18,4,64,0.0,1025,0,10,25,9
2019-02-08 03:00:00,9,1,0.0,8.7,3,0,22,09:01 AM,09:05 PM,06:45 AM,05:28 PM,-7,-3,-1,-3,19,3,68,0.0,1023,-2,10,19,6
2019-02-08 06:00:00,9,1,0.0,8.7,3,0,22,09:01 AM,09:05 PM,06:45 AM,05:28 PM,-7,-3,-1,-3,18,0,68,0.0,1022,-2,10,26,7
2019-02-08 09:00:00,9,1,0.0,8.7,3,2,22,09:01 AM,09:05 PM,06:45 AM,05:28 PM,-5,1,3,1,14,0,57,0.0,1021,2,10,48,5
2019-02-08 12:00:00,9,1,0.0,8.7,3,3,22,09:01 AM,09:05 PM,06:45 AM,05:28 PM,-3,7,8,7,9,0,47,0.0,1021,7,10,90,9
2019-02-08 15:00:00,9,1,0.0,8.7,3,3,22,09:01 AM,09:05 PM,06:45 AM,05:28 PM,-3,9,9,9,9,0,40,0.0,1018,9,10,144,10
2019-02-08 18:00:00,9,1,0.0,8.7,3,0,22,09:01 AM,09:05 PM,06:45 AM,05:28 PM,-4,4,7,4,12,0,47,0.0,1019,6,13,185,9
2019-02-08 21:00:00,9,1,0.0,8.7,3,0,22,09:01 AM,09:05 PM,06:45 AM,05:28 PM,-3,0,3,0,10,0,61,0.0,1018,3,20,191,12
2019-02-09 00:00:00,10,1,0.0,5.6,3,0,29,09:31 AM,10:01 PM,06:44 AM,05:29 PM,-3,-2,2,-2,14,0,70,0.0,1017,1,20,219,9
2019-02-09 03:00:00,10,1,0.0,5.6,3,0,29,09:31 AM,10:01 PM,06:44 AM,05:29 PM,-3,-4,0,-4,16,3,79,0.0,1017,-1,18,223,9
2019-02-09 06:00:00,10,1,0.0,5.6,3,0,29,09:31 AM,10:01 PM,06:44 AM,05:29 PM,-3,-4,0,-4,19,26,77,0.0,1016,-1,16,233,9
2019-02-09 09:00:00,10,1,0.0,5.6,3,1,29,09:31 AM,10:01 PM,06:44 AM,05:29 PM,-3,2,4,2,18,71,62,0.6,1016,4,15,251,14
2019-02-09 12:00:00,10,1,0.0,5.6,3,3,29,09:31 AM,10:01 PM,06:44 AM,05:29 PM,0,10,10,10,22,69,51,1.1,1015,9,18,246,24
2019-02-09 15:00:00,10,1,0.0,5.6,3,3,29,09:31 AM,10:01 PM,06:44 AM,05:29 PM,-1,9,10,9,31,8,46,0.0,1016,9,20,248,21
2019-02-09 18:00:00,10,1,0.0,5.6,3,0,29,09:31 AM,10:01 PM,06:44 AM,05:29 PM,-1,3,7,3,31,8,61,0.0,1016,6,20,244,18
2019-02-09 21:00:00,10,1,0.0,5.6,3,0,29,09:31 AM,10:01 PM,06:44 AM,05:29 PM,0,0,4,0,27,6,78,0.0,1017,3,20,235,17
2019-02-10 00:00:00,6,4,0.0,7.2,3,0,37,10:00 AM,10:58 PM,06:43 AM,05:30 PM,-1,-1,3,-1,27,2,74,0.0,1017,2,19,233,11
2019-02-10 03:00:00,6,4,0.0,7.2,3,0,37,10:00 AM,10:58 PM,06:43 AM,05:30 PM,-1,-2,2,-2,27,1,77,0.0,1018,2,10,234,13
2019-02-10 06:00:00,6,4,0.0,7.2,3,0,37,10:00 AM,10:58 PM,06:43 AM,05:30 PM,0,-1,4,-1,28,4,79,0.0,1016,3,10,233,21
2019-02-10 09:00:00,6,4,0.0,7.2,3,2,37,10:00 AM,10:58 PM,06:43 AM,05:30 PM,1,1,6,1,34,20,70,0.0,1017,5,13,224,23
2019-02-10 12:00:00,6,4,0.0,7.2,3,2,37,10:00 AM,10:58 PM,06:43 AM,05:30 PM,0,3,7,3,45,55,61,0.1,1019,6,17,224,22
2019-02-10 15:00:00,6,4,0.0,7.2,3,2,37,10:00 AM,10:58 PM,06:43 AM,05:30 PM,-2,1,6,1,51,76,56,0.6,1015,6,16,244,33
2019-02-10 18:00:00,6,4,0.0,7.2,3,0,37,10:00 AM,10:58 PM,06:43 AM,05:30 PM,-4,-1,4,-1,44,54,58,0.6,1017,3,13,269,25
2019-02-10 21:00:00,6,4,0.0,7.2,3,0,37,10:00 AM,10:58 PM,06:43 AM,05:30 PM,-5,-3,2,-3,26,2,62,0.0,1020,1,10,260,19
2019-02-11 00:00:00,8,-1,0.0,8.7,3,0,44,10:32 AM,11:57 PM,06:42 AM,05:31 PM,-6,-4,0,-4,19,0,64,0.0,1021,-1,10,257,16
2019-02-11 03:00:00,8,-1,0.0,8.7,3,0,44,10:32 AM,11:57 PM,06:42 AM,05:31 PM,-6,-5,-1,-5,17,0,72,0.0,1021,-2,10,278,9
2019-02-11 06:00:00,8,-1,0.0,8.7,3,0,44,10:32 AM,11:57 PM,06:42 AM,05:31 PM,-5,-5,-1,-5,16,0,76,0.0,1022,-2,10,295,7
2019-02-11 09:00:00,8,-1,0.0,8.7,3,2,44,10:32 AM,11:57 PM,06:42 AM,05:31 PM,-3,0,3,0,10,0,69,0.0,1022,2,13,233,8
2019-02-11 12:00:00,8,-1,0.0,8.7,3,3,44,10:32 AM,11:57 PM,06:42 AM,05:31 PM,-2,6,8,6,6,0,50,0.0,1021,8,20,88,12
2019-02-11 15:00:00,8,-1,0.0,8.7,3,3,44,10:32 AM,11:57 PM,06:42 AM,05:31 PM,-6,8,9,8,8,0,35,0.0,1020,8,20,106,8
2019-02-11 18:00:00,8,-1,0.0,8.7,3,0,44,10:32 AM,11:57 PM,06:42 AM,05:31 PM,-5,6,8,6,7,0,45,0.0,1021,7,17,96,8
2019-02-11 21:00:00,8,-1,0.0,8.7,3,0,44,10:32 AM,11:57 PM,06:42 AM,05:31 PM,-5,5,8,5,5,1,61,0.0,1023,5,10,49,6
2019-02-12 00:00:00,11,2,0.0,8.7,3,0,52,11:07 AM,No moonset,06:41 AM,05:32 PM,-5,1,3,1,8,0,69,0.0,1024,1,10,39,8
2019-02-12 03:00:00,11,2,0.0,8.7,3,0,52,11:07 AM,No moonset,06:41 AM,05:32 PM,-6,-3,-2,-3,13,1,74,0.0,1024,-3,10,42,6
2019-02-12 06:00:00,11,2,0.0,8.7,3,0,52,11:07 AM,No moonset,06:41 AM,05:32 PM,-5,-1,0,-1,13,5,73,0.0,1022,-1,10,29,6
2019-02-12 09:00:00,11,2,0.0,8.7,3,2,52,11:07 AM,No moonset,06:41 AM,05:32 PM,-3,3,4,3,13,7,61,0.0,1020,4,10,41,4
2019-02-12 12:00:00,11,2,0.0,8.7,3,3,52,11:07 AM,No moonset,06:41 AM,05:32 PM,-5,9,9,9,13,13,39,0.0,1020,8,13,64,5
2019-02-12 15:00:00,11,2,0.0,8.7,3,4,52,11:07 AM,No moonset,06:41 AM,05:32 PM,-7,12,12,12,11,28,27,0.0,1018,11,17,74,9
2019-02-12 18:00:00,11,2,0.0,8.7,3,0,52,11:07 AM,No moonset,06:41 AM,05:32 PM,-5,9,9,9,5,37,37,0.0,1016,9,10,79,9
2019-02-12 21:00:00,11,2,0.0,8.7,3,0,52,11:07 AM,No moonset,06:41 AM,05:32 PM,-4,4,6,4,5,50,51,0.0,1018,5,10,117,5
2019-02-13 00:00:00,9,4,0.0,5.6,3,0,60,11:46 AM,12:58 AM,06:40 AM,05:33 PM,-4,3,5,3,5,46,54,0.0,1017,4,10,210,6
2019-02-13 03:00:00,9,4,0.0,5.6,3,0,60,11:46 AM,12:58 AM,06:40 AM,05:33 PM,-4,2,4,2,8,50,56,0.0,1016,3,13,205,5
2019-02-13 06:00:00,9,4,0.0,5.6,3,0,60,11:46 AM,12:58 AM,06:40 AM,05:33 PM,-2,2,4,2,12,64,63,0.0,1015,4,17,229,9
2019-02-13 09:00:00,9,4,0.0,5.6,3,2,60,11:46 AM,12:58 AM,06:40 AM,05:33 PM,0,5,7,5,17,75,63,0.2,1014,6,8,238,15
2019-02-13 12:00:00,9,4,0.0,5.6,3,2,60,11:46 AM,12:58 AM,06:40 AM,05:33 PM,-1,10,10,10,22,72,49,0.3,1013,9,9,230,23
2019-02-13 15:00:00,9,4,0.0,5.6,3,2,60,11:46 AM,12:58 AM,06:40 AM,05:33 PM,3,9,9,9,22,55,68,0.2,1009,8,17,219,17
2019-02-13 18:00:00,9,4,0.0,5.6,3,0,60,11:46 AM,12:58 AM,06:40 AM,05:33 PM,4,8,9,8,10,59,77,0.1,1003,8,15,150,19
2019-02-13 21:00:00,9,4,0.0,5.6,3,0,60,11:46 AM,12:58 AM,06:40 AM,05:33 PM,5,5,8,5,3,58,84,0.0,1004,7,10,78,22
2019-02-14 00:00:00,13,9,0.0,4.1,3,0,67,12:31 PM,02:01 AM,06:39 AM,05:34 PM,6,4,8,4,3,67,86,0.0,1004,7,10,128,28
2019-02-14 03:00:00,13,9,0.0,4.1,3,0,67,12:31 PM,02:01 AM,06:39 AM,05:34 PM,7,4,8,4,7,89,88,0.8,1005,7,10,88,30
2019-02-14 06:00:00,13,9,0.0,4.1,3,0,67,12:31 PM,02:01 AM,06:39 AM,05:34 PM,6,6,9,6,10,100,86,2.5,1008,8,9,80,22
2019-02-14 09:00:00,13,9,0.0,4.1,3,2,67,12:31 PM,02:01 AM,06:39 AM,05:34 PM,8,11,11,11,25,100,84,5.3,1011,10,9,136,17
2019-02-14 12:00:00,13,9,0.0,4.1,3,3,67,12:31 PM,02:01 AM,06:39 AM,05:34 PM,9,13,13,13,49,86,75,8.0,1011,12,7,212,22
2019-02-14 15:00:00,13,9,0.0,4.1,3,3,67,12:31 PM,02:01 AM,06:39 AM,05:34 PM,8,14,14,14,60,63,65,4.1,1010,13,12,234,28
2019-02-14 18:00:00,13,9,0.0,4.1,3,0,67,12:31 PM,02:01 AM,06:39 AM,05:34 PM,7,13,14,13,44,75,73,2.8,1012,13,12,243,23
2019-02-14 21:00:00,13,9,0.0,4.1,3,0,67,12:31 PM,02:01 AM,06:39 AM,05:34 PM,6,11,13,11,31,82,83,0.1,1013,10,10,245,19
2019-02-15 00:00:00,10,5,0.0,8.7,3,0,75,01:25 PM,03:06 AM,06:38 AM,05:35 PM,6,7,8,7,31,59,85,0.1,1013,8,10,250,18
2019-02-15 03:00:00,10,5,0.0,8.7,3,0,75,01:25 PM,03:06 AM,06:38 AM,05:35 PM,5,4,7,4,29,2,92,0.0,1014,6,10,263,15
2019-02-15 06:00:00,10,5,0.0,8.7,3,0,75,01:25 PM,03:06 AM,06:38 AM,05:35 PM,4,3,6,3,28,3,87,0.0,1016,5,13,268,14
2019-02-15 09:00:00,10,5,0.0,8.7,3,3,75,01:25 PM,03:06 AM,06:38 AM,05:35 PM,3,5,7,5,29,7,72,0.0,1017,7,16,257,21
2019-02-15 12:00:00,10,5,0.0,8.7,3,3,75,01:25 PM,03:06 AM,06:38 AM,05:35 PM,3,10,10,10,32,23,60,0.0,1017,10,10,228,30
2019-02-15 15:00:00,10,5,0.0,8.7,3,3,75,01:25 PM,03:06 AM,06:38 AM,05:35 PM,3,11,11,11,42,51,55,0.0,1016,10,13,224,25
2019-02-15 18:00:00,10,5,0.0,8.7,3,0,75,01:25 PM,03:06 AM,06:38 AM,05:35 PM,4,10,10,10,40,70,66,0.1,1016,9,13,235,22
2019-02-15 21:00:00,10,5,0.0,8.7,3,0,75,01:25 PM,03:06 AM,06:38 AM,05:35 PM,4,8,9,8,38,76,72,0.5,1017,8,6,243,20
2019-02-16 00:00:00,10,4,0.0,8.7,2,0,82,02:26 PM,04:08 AM,06:37 AM,05:36 PM,3,4,7,4,33,61,74,0.6,1017,7,9,254,18
2019-02-16 03:00:00,10,4,0.0,8.7,2,0,82,02:26 PM,04:08 AM,06:37 AM,05:36 PM,2,2,6,2,38,48,78,0.1,1017,5,12,266,17
2019-02-16 06:00:00,10,4,0.0,8.7,2,0,82,02:26 PM,04:08 AM,06:37 AM,05:36 PM,1,1,5,1,39,1,77,0.0,1017,4,15,271,16
2019-02-16 09:00:00,10,4,0.0,8.7,2,3,82,02:26 PM,04:08 AM,06:37 AM,05:36 PM,-1,2,6,2,26,3,61,0.0,1020,5,13,271,19
2019-02-16 12:00:00,10,4,0.0,8.7,2,3,82,02:26 PM,04:08 AM,06:37 AM,05:36 PM,0,6,9,6,25,3,54,0.0,1018,8,20,284,26
2019-02-16 15:00:00,10,4,0.0,8.7,2,3,82,02:26 PM,04:08 AM,06:37 AM,05:36 PM,2,10,10,10,33,2,58,0.0,1015,10,20,284,24
2019-02-16 18:00:00,10,4,0.0,8.7,2,0,82,02:26 PM,04:08 AM,06:37 AM,05:36 PM,2,7,8,7,35,6,62,0.0,1015,7,17,275,22
2019-02-16 21:00:00,10,4,0.0,8.7,2,0,82,02:26 PM,04:08 AM,06:37 AM,05:36 PM,1,2,6,2,30,6,69,0.0,1016,5,10,258,18
2019-02-17 00:00:00,9,3,0.0,7.2,3,0,90,03:35 PM,05:07 AM,06:36 AM,05:37 PM,1,1,5,1,26,7,74,0.0,1016,4,10,248,17
2019-02-17 03:00:00,9,3,0.0,7.2,3,0,90,03:35 PM,05:07 AM,06:36 AM,05:37 PM,0,0,4,0,30,9,81,0.0,1015,3,10,250,16
2019-02-17 06:00:00,9,3,0.0,7.2,3,0,90,03:35 PM,05:07 AM,06:36 AM,05:37 PM,-1,-1,3,-1,35,6,78,0.0,1016,3,13,245,18
2019-02-17 09:00:00,9,3,0.0,7.2,3,2,90,03:35 PM,05:07 AM,06:36 AM,05:37 PM,-2,1,5,1,30,7,63,0.0,1017,5,20,238,22
2019-02-17 12:00:00,9,3,0.0,7.2,3,2,90,03:35 PM,05:07 AM,06:36 AM,05:37 PM,1,7,9,7,31,38,59,0.1,1015,8,19,254,21
2019-02-17 15:00:00,9,3,0.0,7.2,3,2,90,03:35 PM,05:07 AM,06:36 AM,05:37 PM,0,7,9,7,44,78,54,0.2,1013,8,16,263,22
2019-02-17 18:00:00,9,3,0.0,7.2,3,0,90,03:35 PM,05:07 AM,06:36 AM,05:37 PM,-3,0,5,0,43,53,58,0.1,1013,4,14,279,21
2019-02-17 21:00:00,9,3,0.0,7.2,3,0,90,03:35 PM,05:07 AM,06:36 AM,05:37 PM,-3,-3,2,-3,41,1,65,0.0,1016,1,10,283,18
2019-02-18 00:00:00,7,1,0.0,8.7,2,0,97,04:47 PM,06:00 AM,06:35 AM,05:38 PM,-3,-2,2,-2,29,1,70,0.0,1016,2,10,293,17
2019-02-18 03:00:00,7,1,0.0,8.7,2,0,97,04:47 PM,06:00 AM,06:35 AM,05:38 PM,0,-1,3,-1,22,3,83,0.0,1014,2,10,295,18
2019-02-18 06:00:00,7,1,0.0,8.7,2,0,97,04:47 PM,06:00 AM,06:35 AM,05:38 PM,-2,-2,2,-2,19,4,78,0.0,1016,1,10,291,16
2019-02-18 09:00:00,7,1,0.0,8.7,2,2,97,04:47 PM,06:00 AM,06:35 AM,05:38 PM,-5,0,3,0,17,4,55,0.0,1019,3,10,303,15
2019-02-18 12:00:00,7,1,0.0,8.7,2,3,97,04:47 PM,06:00 AM,06:35 AM,05:38 PM,-5,3,7,3,14,2,42,0.0,1019,6,10,321,18
2019-02-18 15:00:00,7,1,0.0,8.7,2,3,97,04:47 PM,06:00 AM,06:35 AM,05:38 PM,-4,4,8,4,17,2,43,0.0,1018,7,13,333,22
2019-02-18 18:00:00,7,1,0.0,8.7,2,0,97,04:47 PM,06:00 AM,06:35 AM,05:38 PM,-5,2,6,2,22,1,48,0.0,1020,5,17,320,18
2019-02-18 21:00:00,7,1,0.0,8.7,2,0,97,04:47 PM,06:00 AM,06:35 AM,05:38 PM,-4,-2,2,-2,20,0,66,0.0,1021,1,10,305,13
2019-02-19 00:00:00,7,0,0.0,8.7,2,0,100,06:00 PM,06:48 AM,06:34 AM,05:39 PM,-4,-4,0,-4,17,0,74,0.0,1022,-1,10,290,12
2019-02-19 03:00:00,7,0,0.0,8.7,2,0,100,06:00 PM,06:48 AM,06:34 AM,05:39 PM,-5,-5,-2,-5,15,0,78,0.0,1022,-3,10,289,8
2019-02-19 06:00:00,7,0,0.0,8.7,2,0,100,06:00 PM,06:48 AM,06:34 AM,05:39 PM,-6,-5,-2,-5,12,0,74,0.0,1022,-3,10,305,6
2019-02-19 09:00:00,7,0,0.0,8.7,2,2,100,06:00 PM,06:48 AM,06:34 AM,05:39 PM,-6,0,2,0,7,0,58,0.0,1021,2,10,234,8
2019-02-19 12:00:00,7,0,0.0,8.7,2,3,100,06:00 PM,06:48 AM,06:34 AM,05:39 PM,-6,4,7,4,4,0,41,0.0,1018,6,10,107,11
2019-02-19 15:00:00,7,0,0.0,8.7,2,3,100,06:00 PM,06:48 AM,06:34 AM,05:39 PM,-8,6,8,6,7,1,33,0.0,1020,7,10,190,7
2019-02-19 18:00:00,7,0,0.0,8.7,2,0,100,06:00 PM,06:48 AM,06:34 AM,05:39 PM,-6,5,7,5,14,7,44,0.0,1020,6,10,237,10
2019-02-19 21:00:00,7,0,0.0,8.7,2,0,100,06:00 PM,06:48 AM,06:34 AM,05:39 PM,-6,3,6,3,17,42,58,0.0,1020,3,10,258,9
2019-02-20 00:00:00,9,-2,0.0,8.7,3,0,88,07:12 PM,07:30 AM,06:32 AM,05:39 PM,-6,-1,3,-1,17,75,66,0.0,1020,1,10,270,9
2019-02-20 03:00:00,9,-2,0.0,8.7,3,0,88,07:12 PM,07:30 AM,06:32 AM,05:39 PM,-5,-4,0,-4,22,23,71,0.0,1018,-1,10,265,10
2019-02-20 06:00:00,9,-2,0.0,8.7,3,0,88,07:12 PM,07:30 AM,06:32 AM,05:39 PM,-5,-4,0,-4,31,5,69,0.0,1015,-1,10,259,10
2019-02-20 09:00:00,9,-2,0.0,8.7,3,2,88,07:12 PM,07:30 AM,06:32 AM,05:39 PM,-5,2,5,2,36,8,52,0.0,1014,4,10,250,22
2019-02-20 12:00:00,9,-2,0.0,8.7,3,3,88,07:12 PM,07:30 AM,06:32 AM,05:39 PM,-3,9,9,9,37,12,44,0.0,1013,9,10,259,32
2019-02-20 15:00:00,9,-2,0.0,8.7,3,3,88,07:12 PM,07:30 AM,06:32 AM,05:39 PM,-4,8,9,8,44,12,41,0.0,1014,8,10,273,22
2019-02-20 18:00:00,9,-2,0.0,8.7,3,0,88,07:12 PM,07:30 AM,06:32 AM,05:39 PM,-2,2,6,2,39,11,57,0.0,1010,5,10,270,21
2019-02-20 21:00:00,9,-2,0.0,8.7,3,0,88,07:12 PM,07:30 AM,06:32 AM,05:39 PM,-1,-1,3,-1,26,12,71,0.0,1012,3,10,255,17
2019-02-21 00:00:00,6,-1,0.0,4.2,2,0,80,08:22 PM,08:09 AM,06:31 AM,05:40 PM,-2,-2,2,-2,20,11,74,0.0,1012,1,10,271,13
2019-02-21 03:00:00,6,-1,0.0,4.2,2,0,80,08:22 PM,08:09 AM,06:31 AM,05:40 PM,-2,-3,1,-3,15,31,77,0.0,1005,1,10,294,15
2019-02-21 06:00:00,6,-1,0.0,4.2,2,0,80,08:22 PM,08:09 AM,06:31 AM,05:40 PM,-1,-2,2,-2,12,72,77,0.0,1005,2,10,321,17
2019-02-21 09:00:00,6,-1,0.0,4.2,2,1,80,08:22 PM,08:09 AM,06:31 AM,05:40 PM,-2,1,4,1,12,80,65,0.0,1005,3,8,239,13
2019-02-21 12:00:00,6,-1,0.0,4.2,2,2,80,08:22 PM,08:09 AM,06:31 AM,05:40 PM,-4,5,6,5,16,73,49,0.1,1004,6,7,24,10
2019-02-21 15:00:00,6,-1,0.0,4.2,2,2,80,08:22 PM,08:09 AM,06:31 AM,05:40 PM,-5,3,6,3,18,66,46,0.0,1004,6,10,20,19
2019-02-21 18:00:00,6,-1,0.0,4.2,2,0,80,08:22 PM,08:09 AM,06:31 AM,05:40 PM,-4,0,4,0,20,60,56,0.1,1005,3,10,117,21
2019-02-21 21:00:00,6,-1,0.0,4.2,2,0,80,08:22 PM,08:09 AM,06:31 AM,05:40 PM,-5,-3,1,-3,19,47,62,0.0,1009,1,10,329,12
2019-02-22 00:00:00,9,-3,0.0,8.7,3,0,73,09:30 PM,08:45 AM,06:30 AM,05:41 PM,-5,-4,0,-4,15,32,68,0.0,1011,-1,10,321,10
2019-02-22 03:00:00,9,-3,0.0,8.7,3,0,73,09:30 PM,08:45 AM,06:30 AM,05:41 PM,-6,-5,-1,-5,15,7,72,0.0,1014,-2,10,309,8
2019-02-22 06:00:00,9,-3,0.0,8.7,3,0,73,09:30 PM,08:45 AM,06:30 AM,05:41 PM,-6,-3,-1,-3,15,2,72,0.0,1015,-2,10,300,8
2019-02-22 09:00:00,9,-3,0.0,8.7,3,2,73,09:30 PM,08:45 AM,06:30 AM,05:41 PM,-4,1,3,1,11,1,65,0.0,1016,2,10,287,7
2019-02-22 12:00:00,9,-3,0.0,8.7,3,3,73,09:30 PM,08:45 AM,06:30 AM,05:41 PM,-6,8,8,8,7,0,37,0.0,1018,7,10,272,7
2019-02-22 15:00:00,9,-3,0.0,8.7,3,3,73,09:30 PM,08:45 AM,06:30 AM,05:41 PM,-8,8,9,8,9,1,31,0.0,1017,8,10,236,14
2019-02-22 18:00:00,9,-3,0.0,8.7,3,0,73,09:30 PM,08:45 AM,06:30 AM,05:41 PM,-7,2,6,2,14,2,41,0.0,1019,5,13,244,14
2019-02-22 21:00:00,9,-3,0.0,8.7,3,0,73,09:30 PM,08:45 AM,06:30 AM,05:41 PM,-4,-1,2,-1,16,1,62,0.0,1022,2,20,278,11
2019-02-23 00:00:00,8,-3,0.0,8.7,3,0,65,10:35 PM,09:21 AM,06:29 AM,05:42 PM,-5,-1,0,-1,15,0,69,0.0,1023,-1,20,290,8
2019-02-23 03:00:00,8,-3,0.0,8.7,3,0,65,10:35 PM,09:21 AM,06:29 AM,05:42 PM,-5,-1,-1,-1,12,3,75,0.0,1024,-2,20,277,5
2019-02-23 06:00:00,8,-3,0.0,8.7,3,0,65,10:35 PM,09:21 AM,06:29 AM,05:42 PM,-5,-1,-1,-1,6,8,75,0.0,1025,-2,20,200,3
2019-02-23 09:00:00,8,-3,0.0,8.7,3,2,65,10:35 PM,09:21 AM,06:29 AM,05:42 PM,-4,1,2,1,3,8,62,0.0,1024,2,20,85,6
2019-02-23 12:00:00,8,-3,0.0,8.7,3,3,65,10:35 PM,09:21 AM,06:29 AM,05:42 PM,-3,4,6,4,6,5,51,0.0,1020,6,20,145,19
2019-02-23 15:00:00,8,-3,0.0,8.7,3,3,65,10:35 PM,09:21 AM,06:29 AM,05:42 PM,-4,9,9,9,11,4,39,0.0,1020,8,20,206,21
2019-02-23 18:00:00,8,-3,0.0,8.7,3,0,65,10:35 PM,09:21 AM,06:29 AM,05:42 PM,-5,7,8,7,16,7,41,0.0,1022,7,20,251,18
2019-02-23 21:00:00,8,-3,0.0,8.7,3,0,65,10:35 PM,09:21 AM,06:29 AM,05:42 PM,-4,2,5,2,18,8,53,0.0,1025,4,20,280,12
2019-02-24 00:00:00,10,0,0.0,8.7,3,0,57,11:39 PM,09:56 AM,06:28 AM,05:43 PM,-4,1,3,1,15,9,62,0.0,1025,3,20,297,7
2019-02-24 03:00:00,10,0,0.0,8.7,3,0,57,11:39 PM,09:56 AM,06:28 AM,05:43 PM,-4,0,2,0,8,16,69,0.0,1024,1,10,344,5
2019-02-24 06:00:00,10,0,0.0,8.7,3,0,57,11:39 PM,09:56 AM,06:28 AM,05:43 PM,-5,0,2,0,7,8,63,0.0,1024,1,10,235,4
2019-02-24 09:00:00,10,0,0.0,8.7,3,3,57,11:39 PM,09:56 AM,06:28 AM,05:43 PM,-9,4,5,4,9,4,38,0.0,1024,5,10,35,5
2019-02-24 12:00:00,10,0,0.0,8.7,3,3,57,11:39 PM,09:56 AM,06:28 AM,05:43 PM,-8,9,9,9,7,3,29,0.0,1022,9,10,93,11
2019-02-24 15:00:00,10,0,0.0,8.7,3,3,57,11:39 PM,09:56 AM,06:28 AM,05:43 PM,-3,11,11,11,6,3,39,0.0,1020,10,10,150,18
2019-02-24 18:00:00,10,0,0.0,8.7,3,0,57,11:39 PM,09:56 AM,06:28 AM,05:43 PM,-1,9,9,9,9,3,47,0.0,1019,9,10,202,13
2019-02-24 21:00:00,10,0,0.0,8.7,3,0,57,11:39 PM,09:56 AM,06:28 AM,05:43 PM,0,5,7,5,14,5,59,0.0,1019,7,10,231,9
2019-02-25 00:00:00,11,1,0.0,8.7,3,0,50,No moonrise,10:34 AM,06:26 AM,05:44 PM,0,3,5,3,16,10,67,0.0,1020,5,10,272,6
2019-02-25 03:00:00,11,1,0.0,8.7,3,0,50,No moonrise,10:34 AM,06:26 AM,05:44 PM,-1,1,4,1,17,24,70,0.0,1019,3,10,285,6
2019-02-25 06:00:00,11,1,0.0,8.7,3,0,50,No moonrise,10:34 AM,06:26 AM,05:44 PM,-2,0,3,0,16,44,69,0.0,1020,2,10,283,7
2019-02-25 09:00:00,11,1,0.0,8.7,3,2,50,No moonrise,10:34 AM,06:26 AM,05:44 PM,-2,2,4,2,14,23,62,0.0,1021,4,10,265,10
2019-02-25 12:00:00,11,1,0.0,8.7,3,3,50,No moonrise,10:34 AM,06:26 AM,05:44 PM,0,10,10,10,17,4,48,0.0,1020,9,10,251,14
2019-02-25 15:00:00,11,1,0.0,8.7,3,4,50,No moonrise,10:34 AM,06:26 AM,05:44 PM,-1,12,12,12,29,3,43,0.0,1018,11,10,264,19
2019-02-25 18:00:00,11,1,0.0,8.7,3,0,50,No moonrise,10:34 AM,06:26 AM,05:44 PM,0,11,11,11,28,3,48,0.0,1017,11,10,258,22
2019-02-25 21:00:00,11,1,0.0,8.7,3,0,50,No moonrise,10:34 AM,06:26 AM,05:44 PM,0,9,9,9,25,13,54,0.0,1018,9,10,248,14
2019-02-26 00:00:00,14,4,0.0,8.7,3,0,42,12:40 AM,11:14 AM,06:25 AM,05:45 PM,0,5,7,5,24,22,61,0.0,1019,7,10,252,14
2019-02-26 03:00:00,14,4,0.0,8.7,3,0,42,12:40 AM,11:14 AM,06:25 AM,05:45 PM,0,3,6,3,22,5,65,0.0,1019,5,10,253,14
2019-02-26 06:00:00,14,4,0.0,8.7,3,0,42,12:40 AM,11:14 AM,06:25 AM,05:45 PM,-1,2,5,2,18,18,67,0.0,1020,4,10,251,11
2019-02-26 09:00:00,14,4,0.0,8.7,3,3,42,12:40 AM,11:14 AM,06:25 AM,05:45 PM,-1,5,7,5,17,27,58,0.0,1022,6,10,233,9
2019-02-26 12:00:00,14,4,0.0,8.7,3,4,42,12:40 AM,11:14 AM,06:25 AM,05:45 PM,0,11,11,11,18,22,44,0.0,1021,10,10,210,14
2019-02-26 15:00:00,14,4,0.0,8.7,3,4,42,12:40 AM,11:14 AM,06:25 AM,05:45 PM,0,14,14,14,27,32,39,0.0,1020,13,10,214,18
2019-02-26 18:00:00,14,4,0.0,8.7,3,0,42,12:40 AM,11:14 AM,06:25 AM,05:45 PM,2,14,14,14,33,38,46,0.0,1019,13,10,218,21
2019-02-26 21:00:00,14,4,0.0,8.7,3,0,42,12:40 AM,11:14 AM,06:25 AM,05:45 PM,2,10,10,10,29,42,58,0.0,1020,10,10,222,20
2019-02-27 00:00:00,18,6,0.0,7.2,4,0,35,01:38 AM,11:57 AM,06:24 AM,05:46 PM,2,8,9,8,27,12,64,0.0,1020,8,10,227,17
2019-02-27 03:00:00,18,6,0.0,7.2,4,0,35,01:38 AM,11:57 AM,06:24 AM,05:46 PM,2,6,8,6,24,35,67,0.0,1020,7,10,226,13
2019-02-27 06:00:00,18,6,0.0,7.2,4,0,35,01:38 AM,11:57 AM,06:24 AM,05:46 PM,2,5,7,5,26,69,68,0.0,1022,6,10,228,8
2019-02-27 09:00:00,18,6,0.0,7.2,4,3,35,01:38 AM,11:57 AM,06:24 AM,05:46 PM,0,6,8,6,25,14,59,0.0,1024,7,10,232,9
2019-02-27 12:00:00,18,6,0.0,7.2,4,3,35,01:38 AM,11:57 AM,06:24 AM,05:46 PM,-1,12,12,12,21,46,38,0.0,1024,12,10,244,13
2019-02-27 15:00:00,18,6,0.0,7.2,4,4,35,01:38 AM,11:57 AM,06:24 AM,05:46 PM,3,18,18,18,26,81,37,0.1,1020,17,10,247,15
2019-02-27 18:00:00,18,6,0.0,7.2,4,0,35,01:38 AM,11:57 AM,06:24 AM,05:46 PM,4,15,15,15,29,52,50,0.1,1020,14,10,242,14
2019-02-27 21:00:00,18,6,0.0,7.2,4,0,35,01:38 AM,11:57 AM,06:24 AM,05:46 PM,5,11,11,11,31,12,66,0.0,1021,10,10,242,14
2019-02-28 00:00:00,19,6,0.0,8.7,5,0,27,02:32 AM,12:43 PM,06:23 AM,05:47 PM,5,8,9,8,28,12,73,0.0,1021,8,10,243,16
2019-02-28 03:00:00,19,6,0.0,8.7,5,0,27,02:32 AM,12:43 PM,06:23 AM,05:47 PM,4,5,8,5,31,11,75,0.0,1021,7,10,240,14
2019-02-28 06:00:00,19,6,0.0,8.7,5,0,27,02:32 AM,12:43 PM,06:23 AM,05:47 PM,3,7,8,7,33,7,72,0.0,1021,7,10,239,9
2019-02-28 09:00:00,19,6,0.0,8.7,5,4,27,02:32 AM,12:43 PM,06:23 AM,05:47 PM,4,12,12,12,29,3,59,0.0,1022,11,10,245,9
2019-02-28 12:00:00,19,6,0.0,8.7,5,5,27,02:32 AM,12:43 PM,06:23 AM,05:47 PM,4,17,17,17,27,1,41,0.0,1021,17,10,256,17
2019-02-28 15:00:00,19,6,0.0,8.7,5,5,27,02:32 AM,12:43 PM,06:23 AM,05:47 PM,3,19,19,19,33,2,35,0.0,1018,19,10,261,18
2019-02-28 18:00:00,19,6,0.0,8.7,5,0,27,02:32 AM,12:43 PM,06:23 AM,05:47 PM,4,16,17,16,32,11,44,0.0,1018,16,10,263,18
2019-02-28 21:00:00,19,6,0.0,8.7,5,0,27,02:32 AM,12:43 PM,06:23 AM,05:47 PM,5,13,15,13,24,24,61,0.0,1019,12,10,258,16
2019-03-01 00:00:00,18,7,0.0,8.7,4,0,26,03:24 AM,01:33 PM,06:21 AM,05:48 PM,4,9,10,9,26,8,68,0.0,1019,9,10,258,13
2019-03-01 03:00:00,18,7,0.0,8.7,4,0,26,03:24 AM,01:33 PM,06:21 AM,05:48 PM,4,6,8,6,27,11,73,0.0,1018,7,10,259,12
2019-03-01 06:00:00,18,7,0.0,8.7,4,0,26,03:24 AM,01:33 PM,06:21 AM,05:48 PM,4,7,9,7,27,10,71,0.0,1019,8,10,260,9
2019-03-01 09:00:00,18,7,0.0,8.7,4,4,26,03:24 AM,01:33 PM,06:21 AM,05:48 PM,4,12,12,12,24,13,59,0.0,1019,11,10,258,9
2019-03-01 12:00:00,18,7,0.0,8.7,4,5,26,03:24 AM,01:33 PM,06:21 AM,05:48 PM,4,17,17,17,23,13,42,0.0,1017,16,10,247,14
2019-03-01 15:00:00,18,7,0.0,8.7,4,5,26,03:24 AM,01:33 PM,06:21 AM,05:48 PM,3,18,18,18,30,13,37,0.0,1015,18,10,244,21
2019-03-01 18:00:00,18,7,0.0,8.7,4,0,26,03:24 AM,01:33 PM,06:21 AM,05:48 PM,4,16,16,16,31,15,48,0.0,1015,15,10,243,23
2019-03-01 21:00:00,18,7,0.0,8.7,4,0,26,03:24 AM,01:33 PM,06:21 AM,05:48 PM,5,12,12,12,24,14,62,0.0,1015,12,10,244,18
2019-03-02 00:00:00,14,8,0.0,4.2,4,0,19,04:09 AM,02:25 PM,06:20 AM,05:49 PM,5,11,11,11,25,25,69,0.0,1016,10,10,241,18
2019-03-02 03:00:00,14,8,0.0,4.2,4,0,19,04:09 AM,02:25 PM,06:20 AM,05:49 PM,5,10,10,10,23,51,75,0.1,1015,9,8,237,18
2019-03-02 06:00:00,14,8,0.0,4.2,4,0,19,04:09 AM,02:25 PM,06:20 AM,05:49 PM,5,9,9,9,26,68,74,1.8,1016,9,6,229,18
2019-03-02 09:00:00,14,8,0.0,4.2,4,3,19,04:09 AM,02:25 PM,06:20 AM,05:49 PM,5,12,12,12,35,77,65,4.9,1017,11,7,223,21
2019-03-02 12:00:00,14,8,0.0,4.2,4,3,19,04:09 AM,02:25 PM,06:20 AM,05:49 PM,5,15,15,15,39,77,54,3.4,1016,14,9,227,27
2019-03-02 15:00:00,14,8,0.0,4.2,4,3,19,04:09 AM,02:25 PM,06:20 AM,05:49 PM,4,15,15,15,38,80,51,0.1,1015,14,10,240,29
2019-03-02 18:00:00,14,8,0.0,4.2,4,0,19,04:09 AM,02:25 PM,06:20 AM,05:49 PM,5,13,13,13,38,56,60,0.1,1016,12,10,246,29
2019-03-02 21:00:00,14,8,0.0,4.2,4,0,19,04:09 AM,02:25 PM,06:20 AM,05:49 PM,6,10,10,10,37,10,74,0.0,1017,10,10,233,24
2019-03-03 00:00:00,15,7,0.0,8.7,4,0,12,04:51 AM,03:19 PM,06:19 AM,05:49 PM,6,8,9,8,33,7,78,0.0,1017,8,10,240,20
2019-03-03 03:00:00,15,7,0.0,8.7,4,0,12,04:51 AM,03:19 PM,06:19 AM,05:49 PM,5,5,8,5,31,5,80,0.0,1017,8,10,241,19
2019-03-03 06:00:00,15,7,0.0,8.7,4,0,12,04:51 AM,03:19 PM,06:19 AM,05:49 PM,5,7,9,7,32,5,76,0.0,1017,8,10,239,16
2019-03-03 09:00:00,15,7,0.0,8.7,4,3,12,04:51 AM,03:19 PM,06:19 AM,05:49 PM,5,10,10,10,30,4,67,0.0,1018,10,10,242,17
2019-03-03 12:00:00,15,7,0.0,8.7,4,4,12,04:51 AM,03:19 PM,06:19 AM,05:49 PM,4,13,14,13,29,4,51,0.0,1017,14,10,248,26
2019-03-03 15:00:00,15,7,0.0,8.7,4,5,12,04:51 AM,03:19 PM,06:19 AM,05:49 PM,3,16,16,16,35,5,44,0.0,1016,15,10,257,32
2019-03-03 18:00:00,15,7,0.0,8.7,4,0,12,04:51 AM,03:19 PM,06:19 AM,05:49 PM,3,14,16,14,35,2,48,0.0,1015,14,10,256,30
2019-03-03 21:00:00,15,7,0.0,8.7,4,0,12,04:51 AM,03:19 PM,06:19 AM,05:49 PM,3,10,14,10,31,0,61,0.0,1017,11,10,245,24
2019-03-04 00:00:00,18,6,0.0,8.7,4,0,4,05:29 AM,04:14 PM,06:17 AM,05:50 PM,2,5,8,5,28,0,69,0.0,1018,7,10,251,21
2019-03-04 03:00:00,18,6,0.0,8.7,4,0,4,05:29 AM,04:14 PM,06:17 AM,05:50 PM,3,4,7,4,24,0,76,0.0,1018,7,10,257,18
2019-03-04 06:00:00,18,6,0.0,8.7,4,0,4,05:29 AM,04:14 PM,06:17 AM,05:50 PM,3,4,7,4,23,0,75,0.0,1018,7,10,264,14
2019-03-04 09:00:00,18,6,0.0,8.7,4,3,4,05:29 AM,04:14 PM,06:17 AM,05:50 PM,2,7,9,7,18,0,64,0.0,1018,9,10,270,12
2019-03-04 12:00:00,18,6,0.0,8.7,4,4,4,05:29 AM,04:14 PM,06:17 AM,05:50 PM,0,13,14,13,9,4,40,0.0,1017,14,10,261,8
2019-03-04 15:00:00,18,6,0.0,8.7,4,5,4,05:29 AM,04:14 PM,06:17 AM,05:50 PM,-2,17,17,17,10,9,27,0.0,1015,17,10,238,9
2019-03-04 18:00:00,18,6,0.0,8.7,4,0,4,05:29 AM,04:14 PM,06:17 AM,05:50 PM,-2,16,17,16,19,37,28,0.0,1015,17,10,245,15
2019-03-04 21:00:00,18,6,0.0,8.7,4,0,4,05:29 AM,04:14 PM,06:17 AM,05:50 PM,-1,12,13,12,22,68,39,0.0,1017,13,10,249,14
2019-03-05 00:00:00,16,10,0.0,4.3,4,0,0,06:03 AM,05:09 PM,06:16 AM,05:51 PM,0,11,12,11,16,20,45,0.0,1017,12,10,247,10
2019-03-05 03:00:00,16,10,0.0,4.3,4,0,0,06:03 AM,05:09 PM,06:16 AM,05:51 PM,-1,11,11,11,10,47,45,0.0,1016,11,10,235,6
2019-03-05 06:00:00,16,10,0.0,4.3,4,0,0,06:03 AM,05:09 PM,06:16 AM,05:51 PM,-1,10,10,10,6,50,49,0.0,1016,10,10,220,3
2019-03-05 09:00:00,16,10,0.0,4.3,4,3,0,06:03 AM,05:09 PM,06:16 AM,05:51 PM,2,11,11,11,3,68,53,0.1,1016,11,10,173,2
2019-03-05 12:00:00,16,10,0.0,4.3,4,3,0,06:03 AM,05:09 PM,06:16 AM,05:51 PM,2,14,14,14,6,78,45,0.3,1015,14,9,115,5
2019-03-05 15:00:00,16,10,0.0,4.3,4,4,0,06:03 AM,05:09 PM,06:16 AM,05:51 PM,2,16,16,16,23,70,37,0.3,1014,16,9,210,18
2019-03-05 18:00:00,16,10,0.0,4.3,4,0,0,06:03 AM,05:09 PM,06:16 AM,05:51 PM,3,15,16,15,40,62,43,0.4,1013,16,8,222,30
2019-03-05 21:00:00,16,10,0.0,4.3,4,0,0,06:03 AM,05:09 PM,06:16 AM,05:51 PM,3,12,14,12,22,74,48,0.3,1013,14,6,217,17
2019-03-06 00:00:00,14,9,0.0,5.7,4,0,0,06:34 AM,06:05 PM,06:15 AM,05:52 PM,3,11,12,11,20,66,53,0.2,1012,12,9,217,14
2019-03-06 03:00:00,14,9,0.0,5.7,4,0,0,06:34 AM,06:05 PM,06:15 AM,05:52 PM,4,9,11,9,21,48,61,0.0,1010,11,10,224,14
2019-03-06 06:00:00,14,9,0.0,5.7,4,0,0,06:34 AM,06:05 PM,06:15 AM,05:52 PM,4,7,10,7,37,56,65,1.3,1010,10,9,225,26
2019-03-06 09:00:00,14,9,0.0,5.7,4,2,0,06:34 AM,06:05 PM,06:15 AM,05:52 PM,5,6,10,6,40,72,73,3.8,1012,10,8,219,30
2019-03-06 12:00:00,14,9,0.0,5.7,4,3,0,06:34 AM,06:05 PM,06:15 AM,05:52 PM,6,10,12,10,32,74,64,2.6,1013,12,9,209,27
2019-03-06 15:00:00,14,9,0.0,5.7,4,3,0,06:34 AM,06:05 PM,06:15 AM,05:52 PM,6,10,13,10,43,59,61,0.1,1012,13,10,213,36
2019-03-06 18:00:00,14,9,0.0,5.7,4,0,0,06:34 AM,06:05 PM,06:15 AM,05:52 PM,6,9,12,9,43,44,67,0.1,1012,12,10,214,34
2019-03-06 21:00:00,14,9,0.0,5.7,4,0,0,06:34 AM,06:05 PM,06:15 AM,05:52 PM,6,7,10,7,37,23,77,0.0,1014,10,10,221,26
2019-03-07 00:00:00,14,6,0.0,8.7,4,0,3,07:04 AM,07:00 PM,06:14 AM,05:53 PM,6,7,10,7,30,26,77,0.0,1015,10,10,229,21
2019-03-07 03:00:00,14,6,0.0,8.7,4,0,3,07:04 AM,07:00 PM,06:14 AM,05:53 PM,5,6,9,6,27,16,75,0.0,1015,9,10,242,18
2019-03-07 06:00:00,14,6,0.0,8.7,4,0,3,07:04 AM,07:00 PM,06:14 AM,05:53 PM,3,4,7,4,26,1,76,0.0,1016,7,10,255,15
2019-03-07 09:00:00,14,6,0.0,8.7,4,3,3,07:04 AM,07:00 PM,06:14 AM,05:53 PM,1,5,8,5,22,0,63,0.0,1017,8,10,254,14
2019-03-07 12:00:00,14,6,0.0,8.7,4,4,3,07:04 AM,07:00 PM,06:14 AM,05:53 PM,-2,10,12,10,23,2,37,0.0,1016,12,10,235,21
2019-03-07 15:00:00,14,6,0.0,8.7,4,4,3,07:04 AM,07:00 PM,06:14 AM,05:53 PM,-2,12,14,12,33,5,33,0.0,1014,14,10,223,29
2019-03-07 18:00:00,14,6,0.0,8.7,4,0,3,07:04 AM,07:00 PM,06:14 AM,05:53 PM,0,9,12,9,36,8,45,0.0,1013,12,10,229,31
2019-03-07 21:00:00,14,6,0.0,8.7,4,0,3,07:04 AM,07:00 PM,06:14 AM,05:53 PM,2,6,9,6,30,10,61,0.0,1013,9,10,242,24
2019-03-08 00:00:00,9,4,0.0,8.7,3,0,10,07:34 AM,07:56 PM,06:12 AM,05:54 PM,1,4,7,4,30,13,62,0.0,1014,7,10,241,23
2019-03-08 03:00:00,9,4,0.0,8.7,3,0,10,07:34 AM,07:56 PM,06:12 AM,05:54 PM,-1,2,6,2,35,10,64,0.0,1014,6,10,250,26
2019-03-08 06:00:00,9,4,0.0,8.7,3,0,10,07:34 AM,07:56 PM,06:12 AM,05:54 PM,-2,-1,5,-1,42,6,65,0.0,1014,5,10,255,29
2019-03-08 09:00:00,9,4,0.0,8.7,3,3,10,07:34 AM,07:56 PM,06:12 AM,05:54 PM,-2,1,5,1,40,7,59,0.0,1015,5,10,260,30
2019-03-08 12:00:00,9,4,0.0,8.7,3,3,10,07:34 AM,07:56 PM,06:12 AM,05:54 PM,-3,3,8,3,42,9,46,0.0,1015,8,10,269,36
2019-03-08 15:00:00,9,4,0.0,8.7,3,3,10,07:34 AM,07:56 PM,06:12 AM,05:54 PM,-3,4,9,4,45,7,43,0.0,1014,9,10,276,39
2019-03-08 18:00:00,9,4,0.0,8.7,3,0,10,07:34 AM,07:56 PM,06:12 AM,05:54 PM,-3,3,7,3,45,5,48,0.0,1014,7,10,278,38
2019-03-08 21:00:00,9,4,0.0,8.7,3,0,10,07:34 AM,07:56 PM,06:12 AM,05:54 PM,-3,1,6,1,38,7,54,0.0,1016,6,10,274,28
2019-03-09 00:00:00,12,3,0.0,8.7,3,0,17,08:03 AM,08:53 PM,06:11 AM,05:55 PM,-3,1,5,1,26,3,57,0.0,1016,5,10,269,18
2019-03-09 03:00:00,12,3,0.0,8.7,3,0,17,08:03 AM,08:53 PM,06:11 AM,05:55 PM,-4,0,4,0,21,3,60,0.0,1017,4,10,265,13
2019-03-09 06:00:00,12,3,0.0,8.7,3,0,17,08:03 AM,08:53 PM,06:11 AM,05:55 PM,-4,-1,3,-1,22,6,61,0.0,1017,3,10,260,13
2019-03-09 09:00:00,12,3,0.0,8.7,3,3,17,08:03 AM,08:53 PM,06:11 AM,05:55 PM,-5,2,5,2,22,6,51,0.0,1017,5,10,250,15
2019-03-09 12:00:00,12,3,0.0,8.7,3,4,17,08:03 AM,08:53 PM,06:11 AM,05:55 PM,-7,7,10,7,24,1,30,0.0,1015,10,10,238,21
2019-03-09 15:00:00,12,3,0.0,8.7,3,4,17,08:03 AM,08:53 PM,06:11 AM,05:55 PM,-6,9,12,9,32,7,28,0.0,1013,12,10,239,28
2019-03-09 18:00:00,12,3,0.0,8.7,3,0,17,08:03 AM,08:53 PM,06:11 AM,05:55 PM,-4,8,11,8,33,15,37,0.0,1012,11,10,241,27
2019-03-09 21:00:00,12,3,0.0,8.7,3,0,17,08:03 AM,08:53 PM,06:11 AM,05:55 PM,-2,5,8,5,27,17,47,0.0,1013,8,10,239,21
2019-03-10 00:00:00,10,5,0.0,7.2,3,0,24,08:33 AM,09:51 PM,06:10 AM,05:55 PM,-2,3,7,3,25,27,55,0.0,1014,7,10,239,18
2019-03-10 03:00:00,10,5,0.0,7.2,3,0,24,08:33 AM,09:51 PM,06:10 AM,05:55 PM,-1,3,6,3,23,55,61,0.0,1013,6,10,242,16
2019-03-10 06:00:00,10,5,0.0,7.2,3,0,24,08:33 AM,09:51 PM,06:10 AM,05:55 PM,-1,2,5,2,22,72,66,0.0,1013,5,10,243,14
2019-03-10 09:00:00,10,5,0.0,7.2,3,3,24,08:33 AM,09:51 PM,06:10 AM,05:55 PM,-1,4,6,4,17,64,61,0.0,1014,6,10,235,13
2019-03-10 12:00:00,10,5,0.0,7.2,3,3,24,08:33 AM,09:51 PM,06:10 AM,05:55 PM,-3,7,9,7,15,40,43,0.0,1013,9,10,219,13
2019-03-10 15:00:00,10,5,0.0,7.2,3,4,24,08:33 AM,09:51 PM,06:10 AM,05:55 PM,-4,8,10,8,18,24,36,0.0,1012,10,10,222,16
2019-03-10 18:00:00,10,5,0.0,7.2,3,0,24,08:33 AM,09:51 PM,06:10 AM,05:55 PM,-3,8,10,8,18,26,39,0.0,1013,10,10,240,15
2019-03-10 21:00:00,10,5,0.0,7.2,3,0,24,08:33 AM,09:51 PM,06:10 AM,05:55 PM,-3,9,10,9,10,23,41,0.0,1014,10,10,256,7
2019-03-11 00:00:00,13,6,0.0,8.7,4,0,32,09:07 AM,10:51 PM,06:08 AM,05:56 PM,-3,7,8,7,9,25,46,0.0,1016,8,10,297,6
2019-03-11 03:00:00,13,6,0.0,8.7,4,0,32,09:07 AM,10:51 PM,06:08 AM,05:56 PM,-5,6,7,6,15,27,42,0.0,1016,7,10,238,9
2019-03-11 06:00:00,13,6,0.0,8.7,4,0,32,09:07 AM,10:51 PM,06:08 AM,05:56 PM,-7,3,6,3,23,22,38,0.0,1016,6,10,16,13
2019-03-11 09:00:00,13,6,0.0,8.7,4,3,32,09:07 AM,10:51 PM,06:08 AM,05:56 PM,-7,5,8,5,26,32,36,0.0,1017,8,10,29,19
2019-03-11 12:00:00,13,6,0.0,8.7,4,4,32,09:07 AM,10:51 PM,06:08 AM,05:56 PM,-4,8,11,8,35,37,35,0.0,1016,11,10,46,30
2019-03-11 15:00:00,13,6,0.0,8.7,4,4,32,09:07 AM,10:51 PM,06:08 AM,05:56 PM,-3,10,13,10,37,35,33,0.0,1014,13,10,47,32
2019-03-11 18:00:00,13,6,0.0,8.7,4,0,32,09:07 AM,10:51 PM,06:08 AM,05:56 PM,-3,10,13,10,35,56,34,0.0,1012,13,10,152,29
2019-03-11 21:00:00,13,6,0.0,8.7,4,0,32,09:07 AM,10:51 PM,06:08 AM,05:56 PM,-2,9,11,9,32,62,40,0.1,1011,11,8,349,23
